Task,Model,Name,Well,Split,TrainingSamples,Accuracy,BalancedAccuracy,MacroF1,R2,MSE,RMSE,MAE
Facies,1,Fine DT,Well_1,development_cv,720,0.825,0.8012079167564631,0.8053730772869641,,,,
Facies,1,Fine DT,Well_2,development_cv,720,0.8194444444444444,0.8217298030730867,0.8016607884214775,,,,
Facies,1,Fine DT,Well_3,development_cv,720,0.9222222222222223,0.9048024684736227,0.9045823109079019,,,,
Facies,2,Medium DT,Well_1,development_cv,720,0.8388888888888889,0.8162111259990817,0.8216708914946144,,,,
Facies,2,Medium DT,Well_2,development_cv,720,0.8333333333333334,0.8353614417047253,0.8169209570328735,,,,
Facies,2,Medium DT,Well_3,development_cv,720,0.9222222222222223,0.9058429581158073,0.9079128383101968,,,,
Facies,3,Coarse DT,Well_1,development_cv,720,0.8583333333333333,0.8435904163113855,0.8435680100566587,,,,
Facies,3,Coarse DT,Well_2,development_cv,720,0.7805555555555556,0.7972542785975623,0.7738537537901378,,,,
Facies,3,Coarse DT,Well_3,development_cv,720,0.8972222222222223,0.900635801806956,0.8897575262748798,,,,
Facies,4,Linear DA,Well_1,development_cv,720,0.8777777777777778,0.8625249477619632,0.8688224153297683,,,,
Facies,4,Linear DA,Well_2,development_cv,720,0.8861111111111111,0.8836023294978519,0.8703977151736835,,,,
Facies,4,Linear DA,Well_3,development_cv,720,0.9583333333333334,0.9480101134711196,0.9468822392893139,,,,
Facies,5,Quadratic DA,Well_1,development_cv,720,0.8777777777777778,0.8625249477619632,0.8688224153297683,,,,
Facies,5,Quadratic DA,Well_2,development_cv,720,0.8527777777777777,0.8548256402734014,0.8360844504332108,,,,
Facies,5,Quadratic DA,Well_3,development_cv,720,0.9583333333333334,0.9462045579155641,0.9466236877819219,,,,
Facies,6,Gaussian NB,Well_1,development_cv,720,0.8666666666666667,0.8530389419337912,0.8559490307578619,,,,
Facies,6,Gaussian NB,Well_2,development_cv,720,0.7833333333333333,0.804951804951805,0.7777239244272212,,,,
Facies,6,Gaussian NB,Well_3,development_cv,720,0.9305555555555556,0.9070739171374764,0.9090637353641329,,,,
Facies,7,Kernel NB,Well_1,development_cv,720,0.8638888888888889,0.8490068916728354,0.8529392800429859,,,,
Facies,7,Kernel NB,Well_2,development_cv,720,0.7777777777777778,0.798283952889216,0.7716027799156059,,,,
Facies,7,Kernel NB,Well_3,development_cv,720,0.9138888888888889,0.8863662721399795,0.8914336569579288,,,,
Facies,8,Linear SVM,Well_1,development_cv,720,0.875,0.8609408234401207,0.8675409661363951,,,,
Facies,8,Linear SVM,Well_2,development_cv,720,0.8611111111111112,0.8646078105033329,0.8477856394129979,,,,
Facies,8,Linear SVM,Well_3,development_cv,720,0.9666666666666667,0.9584267801377864,0.9580761773924007,,,,
Facies,9,Quadratic SVM,Well_1,development_cv,720,0.8666666666666667,0.8486244764483757,0.8567541881632673,,,,
Facies,9,Quadratic SVM,Well_2,development_cv,720,0.8694444444444445,0.8702055306532919,0.8536455252225401,,,,
Facies,9,Quadratic SVM,Well_3,development_cv,720,0.9555555555555556,0.9463434468044529,0.9450626955769104,,,,
Facies,10,Cubic SVM,Well_1,development_cv,720,0.8666666666666667,0.8486244764483757,0.8567541881632673,,,,
Facies,10,Cubic SVM,Well_2,development_cv,720,0.8722222222222222,0.8716008174963399,0.856460402074837,,,,
Facies,10,Cubic SVM,Well_3,development_cv,720,0.9472222222222222,0.9359267801377863,0.9339707298605899,,,,
Facies,11,Fine Gaussian SVM,Well_1,development_cv,720,0.8638888888888889,0.8481342245453543,0.8544029564012682,,,,
Facies,11,Fine Gaussian SVM,Well_2,development_cv,720,0.8611111111111112,0.8593644657077493,0.8438363857391822,,,,
Facies,11,Fine Gaussian SVM,Well_3,development_cv,720,0.9527777777777777,0.9384950475577487,0.9389282048240258,,,,
Facies,12,Medium Gaussian SVM,Well_1,development_cv,720,0.8805555555555555,0.864590458476617,0.8723644380100026,,,,
Facies,12,Medium Gaussian SVM,Well_2,development_cv,720,0.8611111111111112,0.8633306487784098,0.8456209969367864,,,,
Facies,12,Medium Gaussian SVM,Well_3,development_cv,720,0.9583333333333334,0.9451318267419963,0.9459128335227937,,,,
Facies,13,Coarse Gaussian SVM,Well_1,development_cv,720,0.8722222222222222,0.85397946084724,0.865266810485184,,,,
Facies,13,Coarse Gaussian SVM,Well_2,development_cv,720,0.85,0.8469098469098469,0.8267207056597964,,,,
Facies,13,Coarse Gaussian SVM,Well_3,development_cv,720,0.9222222222222223,0.8966572504708098,0.8984535204209471,,,,
Facies,14,Fine KNN,Well_1,development_cv,720,0.8416666666666667,0.822429912015217,0.8269070129212366,,,,
Facies,14,Fine KNN,Well_2,development_cv,720,0.8277777777777777,0.825697396592919,0.8049379373091003,,,,
Facies,14,Fine KNN,Well_3,development_cv,720,0.9083333333333333,0.8796650098929653,0.881458091214035,,,,
Facies,15,Medium KNN,Well_1,development_cv,720,0.8694444444444445,0.8531379131021429,0.8600771131691495,,,,
Facies,15,Medium KNN,Well_2,development_cv,720,0.8611111111111112,0.8646078105033329,0.8482139552467667,,,,
Facies,15,Medium KNN,Well_3,development_cv,720,0.9444444444444444,0.9229048964218456,0.9257662163884287,,,,
Facies,16,Coarse KNN,Well_1,development_cv,720,0.8583333333333333,0.8394781349849612,0.8486113728104292,,,,
Facies,16,Coarse KNN,Well_2,development_cv,720,0.8333333333333334,0.8302554486765013,0.8123447586263368,,,,
Facies,16,Coarse KNN,Well_3,development_cv,720,0.9,0.8659771389067678,0.8743639998565003,,,,
Facies,17,Cosine KNN,Well_1,development_cv,720,0.7416666666666667,0.7567102992722353,0.7270226024698462,,,,
Facies,17,Cosine KNN,Well_2,development_cv,720,0.7638888888888888,0.7674699626290358,0.7373836171250636,,,,
Facies,17,Cosine KNN,Well_3,development_cv,720,0.8583333333333333,0.8238653483992466,0.8192413863349479,,,,
Facies,18,Cubic KNN,Well_1,development_cv,720,0.875,0.8592354740777527,0.8661293879769283,,,,
Facies,18,Cubic KNN,Well_2,development_cv,720,0.8722222222222222,0.8752140356617968,0.8592181275828027,,,,
Facies,18,Cubic KNN,Well_3,development_cv,720,0.9472222222222222,0.9305101134711198,0.9312083951918011,,,,
Facies,19,Weighted KNN,Well_1,development_cv,720,0.8722222222222222,0.8566680799827591,0.8627591951127398,,,,
Facies,19,Weighted KNN,Well_2,development_cv,720,0.8444444444444444,0.8475977934933159,0.82929846192757,,,,
Facies,19,Weighted KNN,Well_3,development_cv,720,0.9333333333333333,0.9114046520775227,0.9130454567495843,,,,
Facies,20,Boosted Tree EC,Well_1,development_cv,720,0.8333333333333334,0.8147482267177647,0.8188286790739864,,,,
Facies,20,Boosted Tree EC,Well_2,development_cv,720,0.8444444444444444,0.8524881733836958,0.8339458521631586,,,,
Facies,20,Boosted Tree EC,Well_3,development_cv,720,0.9416666666666667,0.9306381558559204,0.929154655685198,,,,
Facies,21,Bagged Tree EC,Well_1,development_cv,720,0.8638888888888889,0.8453350027641652,0.8540297234665606,,,,
Facies,21,Bagged Tree EC,Well_2,development_cv,720,0.8527777777777777,0.8479521688476913,0.8306789701526545,,,,
Facies,21,Bagged Tree EC,Well_3,development_cv,720,0.95,0.93529824906434,0.9391292580577761,,,,
Facies,22,Subspace Discriminant EC,Well_1,development_cv,720,0.8694444444444445,0.8528972199057373,0.8592991613687412,,,,
Facies,22,Subspace Discriminant EC,Well_2,development_cv,720,0.8611111111111112,0.8649607754085367,0.8471294543305774,,,,
Facies,22,Subspace Discriminant EC,Well_3,development_cv,720,0.9583333333333334,0.9469696238289351,0.9451338752297936,,,,
Facies,23,Subspace KNN EC,Well_1,development_cv,720,0.8722222222222222,0.8571494663755704,0.8639733532345216,,,,
Facies,23,Subspace KNN EC,Well_2,development_cv,720,0.8361111111111111,0.8463192213192213,0.8245518767596143,,,,
Facies,23,Subspace KNN EC,Well_3,development_cv,720,0.95,0.9309220720398579,0.9357523247744304,,,,
Facies,24,RUS Boosted Tree EC,Well_1,development_cv,720,0.8611111111111112,0.8422862222763604,0.8492058525180156,,,,
Facies,24,RUS Boosted Tree EC,Well_2,development_cv,720,0.8194444444444444,0.8318635277590501,0.8106484487344117,,,,
Facies,24,RUS Boosted Tree EC,Well_3,development_cv,720,0.9583333333333334,0.9498156690266751,0.9479328829124322,,,,
Facies,25,Squared exponential GP,Well_1,development_cv,240,0.825,0.8031334623277082,0.8137701363322598,,,,
Facies,25,Squared exponential GP,Well_2,development_cv,240,0.8305555555555556,0.8215448208083715,0.8025167737591649,,,,
Facies,25,Squared exponential GP,Well_3,development_cv,240,0.8916666666666667,0.8529576092397911,0.8629333919142501,,,,
Porosity,1,Fine DT,Well_1,development_cv,720,,,,0.973052072876866,0.000125531226016271,0.011204071849835264,0.00879361274163747
Porosity,1,Fine DT,Well_2,development_cv,720,,,,0.9703009271583222,0.00013853119027894378,0.011769927369314722,0.00908438615339815
Porosity,1,Fine DT,Well_3,development_cv,720,,,,0.975281826206361,0.000104709221356674,0.010232752384215794,0.007934148994453718
Porosity,2,Medium DT,Well_1,development_cv,720,,,,0.9728377312789145,0.00012652969107275524,0.011248541730942516,0.008783411502956577
Porosity,2,Medium DT,Well_2,development_cv,720,,,,0.9623102872287386,0.00017580349391066672,0.013259090991114992,0.010282372719839164
Porosity,2,Medium DT,Well_3,development_cv,720,,,,0.9711682469095302,0.00012213484870099369,0.011051463645191694,0.008909275530759873
Porosity,3,Coarse DT,Well_1,development_cv,720,,,,0.9030062112873138,0.00045182507572592146,0.021256177354499126,0.017344442919243173
Porosity,3,Coarse DT,Well_2,development_cv,720,,,,0.8922139940254425,0.0005027673349490748,0.022422473881110325,0.0177114040867973
Porosity,3,Coarse DT,Well_3,development_cv,720,,,,0.916302176543332,0.0003545542642657275,0.01882961136788881,0.015000799559809458
Porosity,8,Linear SVM,Well_1,development_cv,720,,,,0.9863761497007723,6.346382871341623e-05,0.007966418813583443,0.0063580068782882965
Porosity,8,Linear SVM,Well_2,development_cv,720,,,,0.9878452723538976,5.669567185841543e-05,0.007529652837841558,0.005945075340313895
Porosity,8,Linear SVM,Well_3,development_cv,720,,,,0.9867524805571815,5.611812010650639e-05,0.007491202847774608,0.005956852218746983
Porosity,9,Quadratic SVM,Well_1,development_cv,720,,,,0.9863016446269204,6.381089486148449e-05,0.007988172185267697,0.0063406258114378465
Porosity,9,Quadratic SVM,Well_2,development_cv,720,,,,0.987829221447909,5.6770541236443325e-05,0.007534622833058289,0.005908299932001055
Porosity,9,Quadratic SVM,Well_3,development_cv,720,,,,0.9866996588653948,5.634187928321167e-05,0.007506122786313295,0.005982156690817229
Porosity,10,Cubic SVM,Well_1,development_cv,720,,,,0.9839679081282318,7.468211336154559e-05,0.008641881355442551,0.006609229060196162
Porosity,10,Cubic SVM,Well_2,development_cv,720,,,,0.9875399709164757,5.811974902558481e-05,0.007623630960742054,0.006018585993734249
Porosity,10,Cubic SVM,Well_3,development_cv,720,,,,0.9867613608030326,5.608050229394898e-05,0.007488691627644243,0.005973941698954251
Porosity,11,Fine Gaussian SVM,Well_1,development_cv,720,,,,0.9270223652168763,0.00033995089582340287,0.01843775734256753,0.010271676036612755
Porosity,11,Fine Gaussian SVM,Well_2,development_cv,720,,,,0.8809646979153334,0.0005552396255233039,0.023563523198437533,0.012945734837802841
Porosity,11,Fine Gaussian SVM,Well_3,development_cv,720,,,,0.9687344530200885,0.00013244469866133566,0.011508462045874577,0.008669233954931646
Porosity,12,Medium Gaussian SVM,Well_1,development_cv,720,,,,0.9713145594819147,0.0001336250651338885,0.011559630838996915,0.0069842496049759405
Porosity,12,Medium Gaussian SVM,Well_2,development_cv,720,,,,0.9816826926490615,8.544099688087788e-05,0.009243429930544066,0.006919762021634331
Porosity,12,Medium Gaussian SVM,Well_3,development_cv,720,,,,0.9867806929932366,5.599860876086383e-05,0.007483221816895703,0.005944943270240121
Porosity,13,Coarse Gaussian SVM,Well_1,development_cv,720,,,,0.9852302126616064,6.880193434234456e-05,0.008294693143350426,0.006537065420624333
Porosity,13,Coarse Gaussian SVM,Well_2,development_cv,720,,,,0.9875781068087884,5.794186432923113e-05,0.007611955355178532,0.006076363065398853
Porosity,13,Coarse Gaussian SVM,Well_3,development_cv,720,,,,0.9862439482951575,5.827232525272059e-05,0.0076336311970595355,0.006083933346252414
Porosity,14,Fine KNN,Well_1,development_cv,720,,,,0.969333665357872,0.00014285264196617253,0.011952097806082937,0.009313915947076114
Porosity,14,Fine KNN,Well_2,development_cv,720,,,,0.9683753383370531,0.00014751309058338297,0.012145496720323256,0.00986146722562812
Porosity,14,Fine KNN,Well_3,development_cv,720,,,,0.9650871132246506,0.00014789527819006259,0.01216122025908842,0.00976105167511848
Porosity,15,Medium KNN,Well_1,development_cv,720,,,,0.9806431388902666,9.016984853152319e-05,0.009495780564625701,0.007255064933566225
Porosity,15,Medium KNN,Well_2,development_cv,720,,,,0.9776985849487206,0.00010402484914017116,0.010199257283752143,0.00784318572634343
Porosity,15,Medium KNN,Well_3,development_cv,720,,,,0.9835393583751326,6.972930047181206e-05,0.008350407203951917,0.006742705475803695
Porosity,16,Coarse KNN,Well_1,development_cv,720,,,,0.9574672145957384,0.00019812999616955265,0.014075865734282657,0.009957249580940925
Porosity,16,Coarse KNN,Well_2,development_cv,720,,,,0.9586973013484719,0.00019265625012708263,0.013880066647069193,0.009697794561750387
Porosity,16,Coarse KNN,Well_3,development_cv,720,,,,0.9720600961414855,0.00011835686577129975,0.01087919416920664,0.008633089579671637
Porosity,17,Cosine KNN,Well_1,development_cv,720,,,,0.8453986237885894,0.0007201778530475732,0.026836129621232142,0.01956942668073704
Porosity,17,Cosine KNN,Well_2,development_cv,720,,,,0.8949287826781986,0.0004901042156178106,0.02213829748688482,0.01621502656242794
Porosity,17,Cosine KNN,Well_3,development_cv,720,,,,0.9280896385349227,0.0003046211269225285,0.017453398721238467,0.013527292484353652
Porosity,18,Cubic KNN,Well_1,development_cv,720,,,,0.9792654100328453,9.658770738203235e-05,0.009827904526501686,0.007374454392753524
Porosity,18,Cubic KNN,Well_2,development_cv,720,,,,0.9768233327317031,0.00010810745912816958,0.010397473689707976,0.008033784151837461
Porosity,18,Cubic KNN,Well_3,development_cv,720,,,,0.9825882638001475,7.375825395416333e-05,0.008588262569004475,0.0068819601249840694
Porosity,19,Weighted KNN,Well_1,development_cv,720,,,,0.9816047429727965,8.569041904254338e-05,0.009256911960397128,0.007079220162506532
Porosity,19,Weighted KNN,Well_2,development_cv,720,,,,0.9785840647189554,9.989453277667781e-05,0.00999472524768329,0.00773167911923056
Porosity,19,Weighted KNN,Well_3,development_cv,720,,,,0.9835943622128543,6.949629745680122e-05,0.008336443933524727,0.0067538712525564894
Porosity,20,Boosted Tree EC,Well_1,development_cv,720,,,,0.9836836856360119,7.600610380232121e-05,0.008718147957124908,0.006834082895112852
Porosity,20,Boosted Tree EC,Well_2,development_cv,720,,,,0.9803838510815358,9.149943746898272e-05,0.009565533830841995,0.007185754572905201
Porosity,20,Boosted Tree EC,Well_3,development_cv,720,,,,0.9854447700653017,6.16577424308673e-05,0.007852244419964734,0.0063196264933669455
Porosity,21,Bagged Tree EC,Well_1,development_cv,720,,,,0.9846251699210646,7.162039813977871e-05,0.008462883559389123,0.006646373962719534
Porosity,21,Bagged Tree EC,Well_2,development_cv,720,,,,0.9794869016541319,9.568325399620784e-05,0.009781781739346254,0.007688247590037996
Porosity,21,Bagged Tree EC,Well_3,development_cv,720,,,,0.9849749507652722,6.364795471334126e-05,0.007977966828292861,0.006350842344199852
Porosity,23,Subspace KNN EC,Well_1,development_cv,720,,,,0.9824905955485346,8.156386194618704e-05,0.009031271336095879,0.006835258957001442
Porosity,23,Subspace KNN EC,Well_2,development_cv,720,,,,0.9810971610084055,8.817220655730323e-05,0.009390005673976094,0.007237159667972852
Porosity,23,Subspace KNN EC,Well_3,development_cv,720,,,,0.9856249302878844,6.089456159139387e-05,0.007803496754109267,0.00630410655454299
Porosity,25,Squared exponential GP,Well_1,development_cv,240,,,,0.9610468956227087,0.0001814548082781241,0.013470516258782515,0.00786655113185012
Porosity,25,Squared exponential GP,Well_2,development_cv,240,,,,0.9784314329156519,0.00010060648312943025,0.01003027831764554,0.007431912966650899
Porosity,25,Squared exponential GP,Well_3,development_cv,240,,,,0.9853353869532321,6.212110273369541e-05,0.007881694153777817,0.006308729225419716
Porosity,26,LR,Well_1,development_cv,720,,,,0.9865975095274415,6.243267072098223e-05,0.007901434725477535,0.0063004218612491055
Porosity,26,LR,Well_2,development_cv,720,,,,0.9879026709720121,5.6427936265113954e-05,0.007511853051352506,0.00592481805605471
Porosity,26,LR,Well_3,development_cv,720,,,,0.9866376027751191,5.66047565065634e-05,0.007523613261363412,0.00599567535967236
Porosity,27,Robust linear,Well_1,development_cv,720,,,,0.9864216319593018,6.325195921973982e-05,0.007953110034429287,0.00635862110071927
Porosity,27,Robust linear,Well_2,development_cv,720,,,,0.9879213910461916,5.634061656419246e-05,0.007506038673241197,0.005917553323649374
Porosity,27,Robust linear,Well_3,development_cv,720,,,,0.986660505432462,5.650773803596828e-05,0.007517162898059897,0.0059838680202205455
Porosity,28,Interaction linear,Well_1,development_cv,720,,,,0.9861750041483615,6.440082277928534e-05,0.008025012322687446,0.006350633351195276
Porosity,28,Interaction linear,Well_2,development_cv,720,,,,0.9873972784530117,5.8785337372833406e-05,0.007667159667884412,0.006000835519936193
Porosity,28,Interaction linear,Well_3,development_cv,720,,,,0.9865265209507073,5.707531276359735e-05,0.0075548204984365675,0.0060425730723538615
Porosity,29,Matern GP,Well_1,development_cv,240,,,,0.9533592410418419,0.00021726612320102068,0.01473994990496985,0.008513213282551259
Porosity,29,Matern GP,Well_2,development_cv,240,,,,0.968478360148995,0.00014703254580984446,0.012125697745278186,0.008192446700421865
Porosity,29,Matern GP,Well_3,development_cv,240,,,,0.9842835155933686,6.657695905941807e-05,0.008159470513422919,0.0065338805384157215
Porosity,30,Rational quadratic GP,Well_1,development_cv,240,,,,0.9649598213264027,0.00016322727045486803,0.012776042832382335,0.007868629421227347
Porosity,30,Rational quadratic GP,Well_2,development_cv,240,,,,0.976659186244207,0.00010887311967300055,0.010434228273954934,0.00752218047229867
Porosity,30,Rational quadratic GP,Well_3,development_cv,240,,,,0.9857705418794107,6.0277732998128475e-05,0.007763873582054803,0.006185987365157476
Porosity,31,Exponential GP,Well_1,development_cv,240,,,,0.9476132788853812,0.00024403247412841352,0.015621538788749766,0.008967929492043074
Porosity,31,Exponential GP,Well_2,development_cv,240,,,,0.9591938397969504,0.00019034014879106822,0.013796381728231074,0.008854402871139441
Porosity,31,Exponential GP,Well_3,development_cv,240,,,,0.9832225122265921,7.10714996884902e-05,0.008430391431510769,0.006728850937302203
Permeability,1,Fine DT,Well_1,development_cv,720,,,,0.7933073825116033,55.673100734093,7.461440928808122,3.124879315985906
Permeability,1,Fine DT,Well_2,development_cv,720,,,,0.6232965130915755,368.711501513954,19.2018619283119,7.356026050772432
Permeability,1,Fine DT,Well_3,development_cv,720,,,,0.7990458818934734,57.255263659854506,7.5667207996499055,3.0939995685931003
Permeability,2,Medium DT,Well_1,development_cv,720,,,,0.7881395777697365,57.06506004770623,7.554141913394679,3.26984824100815
Permeability,2,Medium DT,Well_2,development_cv,720,,,,0.6110337487665174,380.71410410229447,19.51189647631143,7.2604510047446755
Permeability,2,Medium DT,Well_3,development_cv,720,,,,0.8020469942727326,56.40019543748416,7.51000635402422,2.948061093150151
Permeability,3,Coarse DT,Well_1,development_cv,720,,,,0.7487053482707958,67.68675451334973,8.22719602983603,3.9175848886018736
Permeability,3,Coarse DT,Well_2,development_cv,720,,,,0.31840565155031053,667.1339246227984,25.828935801205564,10.144857228245447
Permeability,3,Coarse DT,Well_3,development_cv,720,,,,0.677940703331539,91.76019938583757,9.579154419145647,4.043449287306458
Permeability,8,Linear SVM,Well_1,development_cv,720,,,,0.8217850777261532,48.00257232519404,6.92838886936884,2.669255653490898
Permeability,8,Linear SVM,Well_2,development_cv,720,,,,0.7883800391532395,207.13031927177596,14.392022765121515,5.373535996033842
Permeability,8,Linear SVM,Well_3,development_cv,720,,,,0.8195591664914212,51.410678193024026,7.170124001230664,2.6273918889182983
Permeability,9,Quadratic SVM,Well_1,development_cv,720,,,,0.8313455153670374,45.427447899800185,6.739988716592943,2.6467365013944977
Permeability,9,Quadratic SVM,Well_2,development_cv,720,,,,0.5057330386326524,483.7807979165235,21.995017570270853,7.049276085350907
Permeability,9,Quadratic SVM,Well_3,development_cv,720,,,,0.745891273652901,72.39992025224608,8.508814268289447,2.8660639164709094
Permeability,10,Cubic SVM,Well_1,development_cv,720,,,,0.8565013351980889,38.65167376465747,6.217047029310415,2.4575987934851993
Permeability,10,Cubic SVM,Well_2,development_cv,720,,,,0.8121073823903605,183.90636553645356,13.561208114930379,5.039997952812805
Permeability,10,Cubic SVM,Well_3,development_cv,720,,,,0.8133899851987849,53.16838340854041,7.291665338490269,2.6533589728029816
Permeability,11,Fine Gaussian SVM,Well_1,development_cv,720,,,,0.8266721023663625,46.68624173540102,6.832733108749457,2.747518280575005
Permeability,11,Fine Gaussian SVM,Well_2,development_cv,720,,,,0.20605854741150942,777.0975190607546,27.876468913059174,9.87467953515238
Permeability,11,Fine Gaussian SVM,Well_3,development_cv,720,,,,0.7442751639150573,72.86037754476321,8.535829048473452,3.315529248588195
Permeability,12,Medium Gaussian SVM,Well_1,development_cv,720,,,,0.8781008034348411,32.83381057457496,5.730079456218296,2.3600800485973235
Permeability,12,Medium Gaussian SVM,Well_2,development_cv,720,,,,0.6252904488763861,366.7598682461722,19.15097564737035,6.5366179569937914
Permeability,12,Medium Gaussian SVM,Well_3,development_cv,720,,,,0.8168620276761913,52.17913915042206,7.223512936959556,2.719894165628852
Permeability,13,Coarse Gaussian SVM,Well_1,development_cv,720,,,,0.8257891172028042,46.92407568687364,6.850115012674871,2.641773826170757
Permeability,13,Coarse Gaussian SVM,Well_2,development_cv,720,,,,0.8458465448116497,150.88299923243838,12.283444111178198,4.81844976767633
Permeability,13,Coarse Gaussian SVM,Well_3,development_cv,720,,,,0.8158600862962417,52.46460937825944,7.243245776463715,2.6556002243660233
Permeability,14,Fine KNN,Well_1,development_cv,720,,,,0.5857757107254675,111.5722025465362,10.562774377337433,4.067583095046961
Permeability,14,Fine KNN,Well_2,development_cv,720,,,,0.6823103265387094,310.94970072805734,17.633765925861024,6.9315868250312835
Permeability,14,Fine KNN,Well_3,development_cv,720,,,,0.7846354055244315,61.36105473170612,7.833329734647082,3.098127298924942
Permeability,15,Medium KNN,Well_1,development_cv,720,,,,0.8643051270248514,36.549705664593944,6.045635257323579,2.551163369211098
Permeability,15,Medium KNN,Well_2,development_cv,720,,,,0.6507287743069274,341.8612318080772,18.489489766028623,6.450332338977018
Permeability,15,Medium KNN,Well_3,development_cv,720,,,,0.8135629168228243,53.11911223249883,7.2882859598467205,2.7591137555777037
Permeability,16,Coarse KNN,Well_1,development_cv,720,,,,0.7639900112215853,63.56979769850978,7.973067019567174,3.0537711872114977
Permeability,16,Coarse KNN,Well_2,development_cv,720,,,,0.44607443858595264,542.1737057761379,23.284623805768,8.324927641857185
Permeability,16,Coarse KNN,Well_3,development_cv,720,,,,0.752355986485189,70.55801304882326,8.399881728263992,3.0074313983960153
Permeability,17,Cosine KNN,Well_1,development_cv,720,,,,0.5515576710984795,120.78890505979086,10.990400586866288,5.366948867128911
Permeability,17,Cosine KNN,Well_2,development_cv,720,,,,0.3917272577068276,595.367879340727,24.400161461365926,9.97707729658429
Permeability,17,Cosine KNN,Well_3,development_cv,720,,,,0.6195094881718131,108.40825149573425,10.411928327439362,4.183797990551229
Permeability,18,Cubic KNN,Well_1,development_cv,720,,,,0.8671382281804928,35.78660377956047,5.982190550255021,2.5080916732473253
Permeability,18,Cubic KNN,Well_2,development_cv,720,,,,0.6474816202678273,345.0394955699276,18.575238775583145,6.398147836284871
Permeability,18,Cubic KNN,Well_3,development_cv,720,,,,0.8201493243997975,51.24253211588259,7.158388932985033,2.6919469176534707
Permeability,19,Weighted KNN,Well_1,development_cv,720,,,,0.8595754981131328,37.82364137665084,6.1500927941496,2.57707371362365
Permeability,19,Weighted KNN,Well_2,development_cv,720,,,,0.661882603249373,330.94403788786644,18.191867355713278,6.373922289509602
Permeability,19,Weighted KNN,Well_3,development_cv,720,,,,0.8237734954902275,50.20994381519897,7.085897530673088,2.7016824183028203
Permeability,20,Boosted Tree EC,Well_1,development_cv,720,,,,0.8241091935073426,47.37656674465552,6.883063761484091,2.7151098156231734
Permeability,20,Boosted Tree EC,Well_2,development_cv,720,,,,0.6602354274213198,332.5562679147326,18.236125353669088,6.370017880069228
Permeability,20,Boosted Tree EC,Well_3,development_cv,720,,,,0.8310209208249856,48.14502843896013,6.938661862272879,2.573584991110006
Permeability,21,Bagged Tree EC,Well_1,development_cv,720,,,,0.8524386645287478,39.74596284073617,6.3044399307738805,2.649891903250153
Permeability,21,Bagged Tree EC,Well_2,development_cv,720,,,,0.6785106742252478,314.66874118936306,17.738904734773314,6.401465365472407
Permeability,21,Bagged Tree EC,Well_3,development_cv,720,,,,0.8549895540381889,41.315955080728045,6.427748834602053,2.4678153256280444
Permeability,23,Subspace KNN EC,Well_1,development_cv,720,,,,0.8533609102638826,39.49755396993253,6.28470794627185,2.4667264467070362
Permeability,23,Subspace KNN EC,Well_2,development_cv,720,,,,0.6596435749615496,333.13556387747394,18.252001640298907,6.256579041343242
Permeability,23,Subspace KNN EC,Well_3,development_cv,720,,,,0.8110834193992777,53.82556343671766,7.33659072299373,2.6842827411270442
Permeability,25,Squared exponential GP,Well_1,development_cv,240,,,,0.823386690663069,47.57117443852811,6.897185979696945,2.750675360106718
Permeability,25,Squared exponential GP,Well_2,development_cv,240,,,,0.5836389809390289,407.52767586451955,20.187314726444416,6.790087001672723
Permeability,25,Squared exponential GP,Well_3,development_cv,240,,,,0.7875985151071615,60.51681415574383,7.779255372832533,2.8439425879492535
Permeability,26,LR,Well_1,development_cv,720,,,,0.8135236882464938,50.227795336511676,7.087157070117162,2.72201387977997
Permeability,26,LR,Well_2,development_cv,720,,,,0.7897851440477878,205.75502450159652,14.344163429827358,5.357868510291209
Permeability,26,LR,Well_3,development_cv,720,,,,0.8190050456713436,51.56855668763711,7.181125029383426,2.635992429600317
Permeability,27,Robust linear,Well_1,development_cv,720,,,,0.8179901226181768,49.02475163945807,7.001767751036739,2.689002053004003
Permeability,27,Robust linear,Well_2,development_cv,720,,,,0.7852686873424464,210.1756619292347,14.497436391625753,5.401108409533263
Permeability,27,Robust linear,Well_3,development_cv,720,,,,0.8148824827602071,52.74314533829783,7.262447613463235,2.6599518970173075
Permeability,28,Interaction linear,Well_1,development_cv,720,,,,0.825486704711572,47.00553114131706,6.85605798847392,2.704219965672655
Permeability,28,Interaction linear,Well_2,development_cv,720,,,,0.6475251578132694,344.99688169904493,18.574091678977062,6.28461249729799
Permeability,28,Interaction linear,Well_3,development_cv,720,,,,0.7759913481728691,63.823894445656414,7.988985820844622,2.7725285168098024
Permeability,29,Matern GP,Well_1,development_cv,240,,,,0.8376015446659099,43.74237296299883,6.613801702727322,2.703930518963968
Permeability,29,Matern GP,Well_2,development_cv,240,,,,0.44868359169524397,539.6199073802117,23.22972034657782,7.830424375660082
Permeability,29,Matern GP,Well_3,development_cv,240,,,,0.7680940265235909,66.07397639220504,8.12859006176379,2.949724703981405
Permeability,30,Rational quadratic GP,Well_1,development_cv,240,,,,0.8125319562481528,50.494920481646375,7.105977799124226,2.813432581829876
Permeability,30,Rational quadratic GP,Well_2,development_cv,240,,,,0.5298811718336125,460.1449815232194,21.45099022244007,7.161026923186023
Permeability,30,Rational quadratic GP,Well_3,development_cv,240,,,,0.7640057070931952,67.23880848979324,8.199927346616752,2.9388350246465382
Permeability,31,Exponential GP,Well_1,development_cv,240,,,,0.8446013116118561,41.85697069255383,6.469696336966197,2.6872110627477537
Permeability,31,Exponential GP,Well_2,development_cv,240,,,,0.39438281370014205,592.7686625251754,24.34684091468902,8.255981226060698
Permeability,31,Exponential GP,Well_3,development_cv,240,,,,0.7877487167367156,60.474019143711764,7.776504301015448,2.9203076711197884
Facies,1,Fine DT,Well_4,application,1080,0.8611111111111112,0.8458056478405316,0.8325035423585627,,,,
Facies,1,Fine DT,Well_5,application,1080,0.8888888888888888,0.8790821366157586,0.8753403959783226,,,,
Facies,2,Medium DT,Well_4,application,1080,0.8666666666666667,0.8569767441860465,0.8428468948555031,,,,
Facies,2,Medium DT,Well_5,application,1080,0.8611111111111112,0.8532795760200592,0.8455229306199504,,,,
Facies,3,Coarse DT,Well_4,application,1080,0.9055555555555556,0.8999169435215947,0.8926981135234524,,,,
Facies,3,Coarse DT,Well_5,application,1080,0.9277777777777778,0.9151489248537346,0.91607412461071,,,,
Facies,4,Linear DA,Well_4,application,1080,0.925,0.915531561461794,0.909724612837616,,,,
Facies,4,Linear DA,Well_5,application,1080,0.9666666666666667,0.9652496010941418,0.9622803766031581,,,,
Facies,5,Quadratic DA,Well_4,application,1080,0.9361111111111111,0.9244808970099668,0.9215340503961124,,,,
Facies,5,Quadratic DA,Well_5,application,1080,0.9722222222222222,0.9699224982904034,0.9684913966837763,,,,
Facies,6,Gaussian NB,Well_4,application,1080,0.9305555555555556,0.9168114830905529,0.9155808072216741,,,,
Facies,6,Gaussian NB,Well_5,application,1080,0.9388888888888889,0.9339497378618646,0.9309418900368246,,,,
Facies,7,Kernel NB,Well_4,application,1080,0.9222222222222223,0.9034186259476958,0.9041757525628493,,,,
Facies,7,Kernel NB,Well_5,application,1080,0.9388888888888889,0.9321195197933287,0.9304498662732642,,,,
Facies,8,Linear SVM,Well_4,application,1080,0.9388888888888889,0.9262666112956811,0.9251450905260942,,,,
Facies,8,Linear SVM,Well_5,application,1080,0.9638888888888889,0.9571185700174758,0.9580934372840458,,,,
Facies,9,Quadratic SVM,Well_4,application,1080,0.9305555555555556,0.9145689581736094,0.9149606040051402,,,,
Facies,9,Quadratic SVM,Well_5,application,1080,0.975,0.9719550186156066,0.9714485299970561,,,,
Facies,10,Cubic SVM,Well_4,application,1080,0.9305555555555556,0.917545681063123,0.9148149536115329,,,,
Facies,10,Cubic SVM,Well_5,application,1080,0.9694444444444444,0.9654519033508091,0.964946630345652,,,,
Facies,11,Fine Gaussian SVM,Well_4,application,1080,0.9388888888888889,0.9293812292358804,0.9242376916578241,,,,
Facies,11,Fine Gaussian SVM,Well_5,application,1080,0.9611111111111111,0.9529519033508091,0.9545118481294652,,,,
Facies,12,Medium Gaussian SVM,Well_4,application,1080,0.9361111111111111,0.919123754152824,0.919757139879091,,,,
Facies,12,Medium Gaussian SVM,Well_5,application,1080,0.9694444444444444,0.9636216852822733,0.9646425357966903,,,,
Facies,13,Coarse Gaussian SVM,Well_4,application,1080,0.9222222222222223,0.9007400545191243,0.9038642414730162,,,,
Facies,13,Coarse Gaussian SVM,Well_5,application,1080,0.95,0.938419383025606,0.9412327413451946,,,,
Facies,14,Fine KNN,Well_4,application,1080,0.9027777777777778,0.8876038205980067,0.8823522705050844,,,,
Facies,14,Fine KNN,Well_5,application,1080,0.9333333333333333,0.9204363270268217,0.9217557983270568,,,,
Facies,15,Medium KNN,Well_4,application,1080,0.9222222222222223,0.9041528239202657,0.9035904559120527,,,,
Facies,15,Medium KNN,Well_5,application,1080,0.9583333333333334,0.9503115264797508,0.9512130499632838,,,,
Facies,16,Coarse KNN,Well_4,application,1080,0.9138888888888889,0.8889045063463669,0.8927876465832045,,,,
Facies,16,Coarse KNN,Well_5,application,1080,0.9555555555555556,0.9406542056074766,0.946524246395806,,,,
Facies,17,Cosine KNN,Well_4,application,1080,0.7777777777777778,0.7802740863787375,0.7598783508504083,,,,
Facies,17,Cosine KNN,Well_5,application,1080,0.8027777777777778,0.7993047640756781,0.7834717316885023,,,,
Facies,18,Cubic KNN,Well_4,application,1080,0.9222222222222223,0.9057101328903655,0.9035782303008707,,,,
Facies,18,Cubic KNN,Well_5,application,1080,0.9583333333333334,0.9524456728212142,0.95182088381962,,,,
Facies,19,Weighted KNN,Well_4,application,1080,0.9277777777777778,0.9130813953488373,0.9103596228028619,,,,
Facies,19,Weighted KNN,Well_5,application,1080,0.9555555555555556,0.9482790061545475,0.9483720134572617,,,,
Facies,20,Boosted Tree EC,Well_4,application,1080,0.9,0.8916112956810631,0.8802964490464491,,,,
Facies,20,Boosted Tree EC,Well_5,application,1080,0.9138888888888889,0.901332535521617,0.9004291170264052,,,,
Facies,21,Bagged Tree EC,Well_4,application,1080,0.8888888888888888,0.884468438538206,0.870598739103511,,,,
Facies,21,Bagged Tree EC,Well_5,application,1080,0.9222222222222223,0.9159666818630804,0.9126850425331033,,,,
Facies,22,Subspace Discriminant EC,Well_4,application,1080,0.9333333333333333,0.9188953488372094,0.9172184049553889,,,,
Facies,22,Subspace Discriminant EC,Well_5,application,1080,0.9611111111111111,0.9566123394878808,0.9553744554405581,,,,
Facies,23,Subspace KNN EC,Well_4,application,1080,0.9222222222222223,0.9027334100008518,0.9036241635004718,,,,
Facies,23,Subspace KNN EC,Well_5,application,1080,0.9527777777777777,0.9401479750778816,0.9438277263643947,,,,
Facies,24,RUS Boosted Tree EC,Well_4,application,1080,0.9,0.8949750830564784,0.8833050558645454,,,,
Facies,24,RUS Boosted Tree EC,Well_5,application,1080,0.9111111111111111,0.9011302332649495,0.899008124961772,,,,
Facies,25,Squared exponential GP,Well_4,application,240,0.9111111111111111,0.8770897222932106,0.8866738155487172,,,,
Facies,25,Squared exponential GP,Well_5,application,240,0.9416666666666667,0.9198208722741433,0.9280138726950162,,,,
Porosity,1,Fine DT,Well_4,application,1080,,,,0.9713435867609166,0.00013089635883323206,0.011440994661008808,0.008765630937673722
Porosity,1,Fine DT,Well_5,application,1080,,,,0.9797116885189795,0.00010116727899648586,0.010058194619139453,0.007726952957465246
Porosity,2,Medium DT,Well_4,application,1080,,,,0.9658920084921896,0.00015579800089559264,0.01248190694147303,0.009186879425858064
Porosity,2,Medium DT,Well_5,application,1080,,,,0.9753107563256588,0.00012311244360334845,0.011095604697507408,0.008767231222954672
Porosity,3,Coarse DT,Well_4,application,1080,,,,0.9127875461571942,0.00039836781238780595,0.01995915359898325,0.015361780696386839
Porosity,3,Coarse DT,Well_5,application,1080,,,,0.9146562300347689,0.00042556508434728315,0.02062922888397148,0.016973290568763223
Porosity,8,Linear SVM,Well_4,application,1080,,,,0.9851448459310587,6.7855162518353e-05,0.008237424507596595,0.006568970793763706
Porosity,8,Linear SVM,Well_5,application,1080,,,,0.9881727743384713,5.8976235620870436e-05,0.007679598662747321,0.005972403632261717
Porosity,9,Quadratic SVM,Well_4,application,1080,,,,0.9850190165713459,6.842992408684757e-05,0.008272238154625843,0.006613646613085584
Porosity,9,Quadratic SVM,Well_5,application,1080,,,,0.9881759710300361,5.896029537923411e-05,0.007678560762228434,0.005953499400584784
Porosity,10,Cubic SVM,Well_4,application,1080,,,,0.9852622072181535,6.731908129211846e-05,0.008204820613037098,0.0065729202821611515
Porosity,10,Cubic SVM,Well_5,application,1080,,,,0.9885527594958481,5.708144686692076e-05,0.007555226460333321,0.00592015897453802
Porosity,11,Fine Gaussian SVM,Well_4,application,1080,,,,0.9779197431585975,0.00010085788470904216,0.010042802632186005,0.007701810491866032
Porosity,11,Fine Gaussian SVM,Well_5,application,1080,,,,0.9683895576482825,0.00015762486905774204,0.01255487431469316,0.007935287443845774
Porosity,12,Medium Gaussian SVM,Well_4,application,1080,,,,0.985659187114407,6.550576214027457e-05,0.008093563006505515,0.006536151133741637
Porosity,12,Medium Gaussian SVM,Well_5,application,1080,,,,0.9886054156689582,5.6818877862058136e-05,0.007537829784630198,0.00591337849710446
Porosity,13,Coarse Gaussian SVM,Well_4,application,1080,,,,0.9849198699445354,6.888280464561866e-05,0.008299566533597924,0.006621079416762169
Porosity,13,Coarse Gaussian SVM,Well_5,application,1080,,,,0.9881521490933709,5.9079083012945674e-05,0.007686291889653012,0.0059575226928356905
Porosity,14,Fine KNN,Well_4,application,1080,,,,0.9712291644435538,0.00013141901547511882,0.011463813304268298,0.009189392370891539
Porosity,14,Fine KNN,Well_5,application,1080,,,,0.9769546056645165,0.00011491542016707158,0.010719861014354225,0.008708735788384468
Porosity,15,Medium KNN,Well_4,application,1080,,,,0.9846857473855765,6.995222635700861e-05,0.008363744756806523,0.006638565940286542
Porosity,15,Medium KNN,Well_5,application,1080,,,,0.9881316332208491,5.9181385020740436e-05,0.007692943846197009,0.006147641972818322
Porosity,16,Coarse KNN,Well_4,application,1080,,,,0.9786220503007577,9.764989608449378e-05,0.009881796197275765,0.007978370972167246
Porosity,16,Coarse KNN,Well_5,application,1080,,,,0.9796765706913969,0.00010134239337523163,0.01006689591558548,0.0077894737620936945
Porosity,17,Cosine KNN,Well_4,application,1080,,,,0.8527217001289601,0.000672735733792923,0.025937149685208723,0.018824966043400983
Porosity,17,Cosine KNN,Well_5,application,1080,,,,0.891062435257645,0.0005432150928773704,0.02330697519793957,0.016483646393121852
Porosity,18,Cubic KNN,Well_4,application,1080,,,,0.9847159808136844,6.98141265319765e-05,0.008355484817290766,0.006669247807731804
Porosity,18,Cubic KNN,Well_5,application,1080,,,,0.987662962797967,6.151840116294022e-05,0.00784336669823235,0.006230995667008152
Porosity,19,Weighted KNN,Well_4,application,1080,,,,0.9849187189479288,6.88880621516288e-05,0.008299883261325355,0.006578185072496681
Porosity,19,Weighted KNN,Well_5,application,1080,,,,0.9880880411902918,5.9398755851306616e-05,0.007707058832739414,0.0061349885007447305
Porosity,20,Boosted Tree EC,Well_4,application,1080,,,,0.9832285873340852,7.660822141773446e-05,0.008752612262503947,0.006751576112444293
Porosity,20,Boosted Tree EC,Well_5,application,1080,,,,0.9877620624446141,6.102424266137218e-05,0.007811801499101995,0.006201396810826876
Porosity,21,Bagged Tree EC,Well_4,application,1080,,,,0.9817407739486982,8.34042343432072e-05,0.009132591874337055,0.0068882209953125195
Porosity,21,Bagged Tree EC,Well_5,application,1080,,,,0.9866385970178936,6.662638162568511e-05,0.008162498491619163,0.0062650348211672445
Porosity,23,Subspace KNN EC,Well_4,application,1080,,,,0.9857100926340328,6.527323662816957e-05,0.008079185393848167,0.0065536795834162795
Porosity,23,Subspace KNN EC,Well_5,application,1080,,,,0.9880689068107833,5.949416907048815e-05,0.007713246337988185,0.006124825526273038
Porosity,25,Squared exponential GP,Well_4,application,240,,,,0.9855931243280732,6.580752280073608e-05,0.00811218360250408,0.006548505411866724
Porosity,25,Squared exponential GP,Well_5,application,240,,,,0.9878822870372547,6.042474501873761e-05,0.007773335514355315,0.006184356721540876
Porosity,26,LR,Well_4,application,1080,,,,0.9851437121650158,6.786034131883801e-05,0.008237738847453106,0.006574194905987412
Porosity,26,LR,Well_5,application,1080,,,,0.9881408492576242,5.913542942879545e-05,0.00768995639966804,0.005984473997302661
Porosity,27,Robust linear,Well_4,application,1080,,,,0.9850056582361911,6.849094210111373e-05,0.008275925452848987,0.006604551674218636
Porosity,27,Robust linear,Well_5,application,1080,,,,0.9880580316878814,5.9548397663821915e-05,0.007716760827174957,0.006000182933467798
Porosity,28,Interaction linear,Well_4,application,1080,,,,0.9850664808319264,6.821311750910637e-05,0.008259123289375597,0.006612606085355262
Porosity,28,Interaction linear,Well_5,application,1080,,,,0.9881712131867898,5.89840202740121e-05,0.007680105485864898,0.005942701326887103
Porosity,29,Matern GP,Well_4,application,240,,,,0.9852562787722533,6.734616116339905e-05,0.008206470688633394,0.006676859399704144
Porosity,29,Matern GP,Well_5,application,240,,,,0.9859847333664804,6.988686027665871e-05,0.008359836139342608,0.0065300353371544
Porosity,30,Rational quadratic GP,Well_4,application,240,,,,0.985568084099519,6.59219012023434e-05,0.008119230333125388,0.006547775002992395
Porosity,30,Rational quadratic GP,Well_5,application,240,,,,0.987552175986095,6.207083749142729e-05,0.00787850477510976,0.0062351844172661075
Porosity,31,Exponential GP,Well_4,application,240,,,,0.985176797598528,6.770921414388318e-05,0.008228560879271854,0.006717392495453509
Porosity,31,Exponential GP,Well_5,application,240,,,,0.9840543311822941,7.951277402141269e-05,0.008916993552841266,0.006686794999388831
Permeability,1,Fine DT,Well_4,application,1080,,,,0.6871102385748973,234.51032272144246,15.313729876207248,5.599932399584384
Permeability,1,Fine DT,Well_5,application,1080,,,,0.8205740853741806,167.9909840390406,12.961133593904531,5.634421822703954
Permeability,2,Medium DT,Well_4,application,1080,,,,0.7632014905060012,177.48006399591637,13.322164388563758,4.833798322742758
Permeability,2,Medium DT,Well_5,application,1080,,,,0.8220473535155006,166.61160823744672,12.907811907424383,5.845775965248867
Permeability,3,Coarse DT,Well_4,application,1080,,,,0.6994727234748892,225.2446621567389,15.008153189408047,5.27786622017824
Permeability,3,Coarse DT,Well_5,application,1080,,,,0.7519887596053711,232.20532225528004,15.238284754370488,7.387985987719013
Permeability,8,Linear SVM,Well_4,application,1080,,,,0.755704768700246,183.09884372847515,13.531402134608044,4.928987422845929
Permeability,8,Linear SVM,Well_5,application,1080,,,,0.8116592924013335,176.33763144020372,13.279218028189902,5.715641025473234
Permeability,9,Quadratic SVM,Well_4,application,1080,,,,0.7602788024057543,179.670613557146,13.404126736089374,4.87603926784214
Permeability,9,Quadratic SVM,Well_5,application,1080,,,,0.8058256115621388,181.7995279939415,13.483305529206906,5.765441469913882
Permeability,10,Cubic SVM,Well_4,application,1080,,,,0.7644635728762872,176.53413549186823,13.286614899660043,4.687915630111835
Permeability,10,Cubic SVM,Well_5,application,1080,,,,0.8548808408199438,135.87062049769105,11.656355369397891,5.264421779200284
Permeability,11,Fine Gaussian SVM,Well_4,application,1080,,,,0.6910806891267588,231.53447705610117,15.216256998884488,5.553211062708034
Permeability,11,Fine Gaussian SVM,Well_5,application,1080,,,,0.7088876293385676,272.55958937335487,16.509378830633054,6.94460718469564
Permeability,12,Medium Gaussian SVM,Well_4,application,1080,,,,0.7722400025689556,170.70571519283962,13.065439724434828,4.482471531905109
Permeability,12,Medium Gaussian SVM,Well_5,application,1080,,,,0.856944830633496,133.93817010139077,11.573165949790523,4.9789223570427374
Permeability,13,Coarse Gaussian SVM,Well_4,application,1080,,,,0.7425927443102839,192.92628281506057,13.889790596515866,4.909841330353759
Permeability,13,Coarse Gaussian SVM,Well_5,application,1080,,,,0.8120346935940191,175.98615481041918,13.265977340943229,5.618209420021344
Permeability,14,Fine KNN,Well_4,application,1080,,,,0.6730922063942487,245.01681304452188,15.653012906291297,5.7810532358904725
Permeability,14,Fine KNN,Well_5,application,1080,,,,0.7506652592901658,233.44447503201798,15.27888984946282,6.935562518405954
Permeability,15,Medium KNN,Well_4,application,1080,,,,0.7489878507169557,188.13316187548142,13.716164255194723,4.734113989764046
Permeability,15,Medium KNN,Well_5,application,1080,,,,0.8339572584051684,155.46072935576936,12.468389204535178,5.634879754104991
Permeability,16,Coarse KNN,Well_4,application,1080,,,,0.6312235719784127,276.39728047830243,16.625200163556,5.527346946766248
Permeability,16,Coarse KNN,Well_5,application,1080,,,,0.7091681983401472,272.29690121727384,16.501421187803,7.0402779538540665
Permeability,17,Cosine KNN,Well_4,application,1080,,,,0.5112911141873271,366.28644544574007,19.1386113771543,7.592643185735873
Permeability,17,Cosine KNN,Well_5,application,1080,,,,0.5485880675402212,422.6431555276062,20.558286784837062,9.600917315930788
Permeability,18,Cubic KNN,Well_4,application,1080,,,,0.7510195901198569,186.61037678692472,13.660540867290896,4.693812639075549
Permeability,18,Cubic KNN,Well_5,application,1080,,,,0.823325961930713,165.41448637063016,12.861356319246822,5.759671873926265
Permeability,19,Weighted KNN,Well_4,application,1080,,,,0.7475855496389214,189.1841840529558,13.75442416289958,4.830120297968815
Permeability,19,Weighted KNN,Well_5,application,1080,,,,0.8557002677516268,135.10341617891365,11.623399510423516,5.378423550074439
Permeability,20,Boosted Tree EC,Well_4,application,1080,,,,0.7404850812344792,194.5059725621581,13.94653980606509,4.983992642188672
Permeability,20,Boosted Tree EC,Well_5,application,1080,,,,0.8023580104523983,185.0461366228845,13.603166418995412,5.874688831254706
Permeability,21,Bagged Tree EC,Well_4,application,1080,,,,0.7843462143582691,161.63213087127139,12.713462583862485,4.574304814304273
Permeability,21,Bagged Tree EC,Well_5,application,1080,,,,0.8673364610008851,124.20880511624794,11.144900408538783,5.205374153294953
Permeability,23,Subspace KNN EC,Well_4,application,1080,,,,0.7361247899831004,197.7740031422034,14.063214538013826,4.806623142012543
Permeability,23,Subspace KNN EC,Well_5,application,1080,,,,0.8285924841672176,160.48360303184967,12.668212306077352,5.502969149194913
Permeability,25,Squared exponential GP,Well_4,application,240,,,,0.7815940226751804,163.69489366942992,12.794330528379744,4.350052965116404
Permeability,25,Squared exponential GP,Well_5,application,240,,,,0.8665125149117952,124.98024058358276,11.179456184608568,4.976982904209747
Permeability,26,LR,Well_4,application,1080,,,,0.7489046234341153,188.19554057675063,13.718437978747822,4.976727354775852
Permeability,26,LR,Well_5,application,1080,,,,0.8111795266202503,176.7868214350855,13.296120540785026,5.7225155845938405
Permeability,27,Robust linear,Well_4,application,1080,,,,0.7545670778285696,183.95154102434992,13.562873627087658,4.923168306410384
Permeability,27,Robust linear,Well_5,application,1080,,,,0.8115540108893655,176.43620329273406,13.282929017830897,5.707868064119311
Permeability,28,Interaction linear,Well_4,application,1080,,,,0.7567547459816367,182.31188761336412,13.502291939273277,4.928181429674469
Permeability,28,Interaction linear,Well_5,application,1080,,,,0.8075435018606016,180.19111996485762,13.423528595896745,5.760221006113527
Permeability,29,Matern GP,Well_4,application,240,,,,0.7877760090170066,159.06150584146727,12.611958842363357,4.525678395892293
Permeability,29,Matern GP,Well_5,application,240,,,,0.8606630764104279,130.45689055340335,11.421772653726013,5.226099551767973
Permeability,30,Rational quadratic GP,Well_4,application,240,,,,0.7880180433810683,158.8801015137345,12.604765032071581,4.391323317456859
Permeability,30,Rational quadratic GP,Well_5,application,240,,,,0.8675429475563863,124.0154780836295,11.136223690445046,5.001038114392734
Permeability,31,Exponential GP,Well_4,application,240,,,,0.754210519880158,184.2187805759736,13.572721929516334,4.740546514764338
Permeability,31,Exponential GP,Well_5,application,240,,,,0.814561853462254,173.62005248916813,13.176496214440625,5.660978186725899
