Well,Depth_m,DT,GR,NPHI,RHOB,LogRT,RT_ohm_m
Well_4,120.0,75.48496894492902,92.77819684597755,0.16987350127256692,2.422367475317928,1.5076086457392928,32.18167508287659
Well_4,120.66852367688023,70.64151545219968,98.79629523007296,0.1458785005189447,2.475461530442774,1.519665328426387,33.08760468971971
Well_4,121.33704735376044,68.18136014642555,94.46944301274135,0.13917144116681404,2.4982053781335005,1.4647546650947612,29.157794117781563
Well_4,122.00557103064067,73.67959340781759,94.70826482429477,0.14793845992044088,2.4499821040439778,1.6737380248808449,47.1778369262458
Well_4,122.6740947075209,74.76472007745421,93.28699911394705,0.17163306616652207,2.455427059489258,1.4548491522330522,28.500281672940933
Well_4,123.34261838440112,76.24256354557083,91.51869740143151,0.1402506648399497,2.481637457993864,1.397803282218858,24.992130631476453
Well_4,124.01114206128133,72.64887772031076,104.7199804318418,0.16364774040294583,2.466076394360214,1.4104896284906938,25.73295310099486
Well_4,124.67966573816156,75.31591210712075,94.1104801561236,0.145782438090791,2.4416586379343173,1.4420848319906463,27.674821728734713
Well_4,125.34818941504179,74.97342835490439,106.55732714720826,0.1651086978519392,2.4505401286937474,1.2951566338504001,19.73134243859943
Well_4,126.016713091922,73.65608720194913,85.42170738850741,0.1715349544734804,2.4603137562048243,1.7098752398582961,51.271407502930444
Well_4,126.68523676880223,68.37398144243045,90.31441435199599,0.12022408563209905,2.490933437729045,1.5808574030468794,38.09407241633071
Well_4,127.35376044568245,68.2219475722123,93.0615616339427,0.1503598515088959,2.48298105663002,1.7240051108220438,52.96696770621122
Well_4,128.02228412256267,67.09423634330668,92.50196709703995,0.1304708436758779,2.4922487351975495,1.6466408471666945,44.324194012203456
Well_4,128.6908077994429,73.87245998581753,100.93410150863521,0.14537472908348753,2.4909592582205944,1.6269386755829724,42.358314989975135
Well_4,129.35933147632312,69.69941949442386,93.61668389130965,0.1671052575859029,2.4354489788220897,1.3948610962050403,24.823390324411374
Well_4,130.02785515320335,69.83725778334596,101.60071112098751,0.12985157998583502,2.4727044112848278,1.6026701721526158,40.0562392294532
Well_4,130.69637883008357,71.13081595112055,87.8580764786334,0.12622293660936523,2.5079977697969196,1.7165928023264507,52.07062641643568
Well_4,131.3649025069638,71.72193520258433,96.0274123723767,0.12253642480049606,2.488152046098229,1.7676040421782826,58.56040103095066
Well_4,132.033426183844,70.47533227960476,89.33883888793983,0.12016604844665525,2.517085307008115,1.7591234883970919,57.42797311528222
Well_4,132.70194986072423,67.44050869789508,94.79719593938212,0.1373574312452466,2.4864202615578446,1.542017953159438,34.83517151375061
Well_4,133.37047353760445,72.3463770731292,90.88832166367726,0.12248418032317523,2.5068867333407443,1.4500867327373586,28.18945845341116
Well_4,134.03899721448468,66.35259428502378,97.98768339774738,0.10550913131249555,2.518092714965479,1.8585404631869475,72.20054289995831
Well_4,134.7075208913649,67.86244167682956,94.854330069625,0.12100687875093477,2.509298419932129,1.8769403864373642,75.32521612527022
Well_4,135.37604456824513,70.03228819497309,103.53414570527754,0.13176387840274514,2.4899247857878675,1.7065517485169663,50.88054429304554
Well_4,136.04456824512533,69.35673048988636,98.92244065798994,0.1216329707035492,2.5243463627019396,1.7450401237897846,55.59556187702192
Well_4,136.71309192200556,65.13048261309238,102.40982997743562,0.09249767136609423,2.5212681241139525,2.0044264688268694,101.02444397598364
Well_4,137.3816155988858,65.88366116048698,88.15881726596199,0.14100254004488041,2.4956165516469624,1.6917674093861887,49.17760896969295
Well_4,138.050139275766,69.37784570793352,114.14958668319412,0.12470523663073224,2.484905237053511,1.5658931594316328,36.80384215565653
Well_4,138.71866295264624,68.9691863430524,89.3106038725277,0.09651310241644401,2.4891869715444748,1.7969827979272694,62.65890454672777
Well_4,139.38718662952647,70.3254430218714,97.45306378259423,0.14430897852483968,2.4983279217031553,1.6773167270836538,47.56820101121663
Well_4,140.0557103064067,65.33974132235056,102.49027572614128,0.11998926594892616,2.569383078225197,1.9325508148186397,85.61518802906481
Well_4,140.72423398328692,68.65920196080194,99.3096646588643,0.12740855256847264,2.536077620860802,1.8920613836741147,77.99403403844272
Well_4,141.39275766016712,69.39458569514002,102.90396569049382,0.14015938198389938,2.510602399848368,1.742081291742744,55.21807874456182
Well_4,142.06128133704735,67.65092008447986,95.05528142741363,0.11326292134289973,2.5327568645094276,1.528726187066953,33.785176108347805
Well_4,142.72980501392757,66.75917731812926,88.19783396752293,0.1379763786777706,2.487224336871381,1.538019144925369,34.51589545804721
Well_4,143.3983286908078,71.48453333512181,95.42226687755155,0.1647418124967243,2.4695577145958967,1.5764815439067275,37.71217182328139
Well_4,144.06685236768803,78.65009167259765,91.63044462824844,0.1557509362470697,2.485712603246482,1.4451810845742152,27.872831192990073
Well_4,144.73537604456826,74.57309134883513,96.42602198146578,0.15202485256031226,2.480160651248388,1.8215487196184637,66.30537255732466
Well_4,145.40389972144845,68.07066198474575,86.67860545500663,0.12175935622681539,2.4933477119431444,1.7746983287974751,59.52485262090071
Well_4,146.07242339832868,71.11869846207001,98.23331633801962,0.152936134239959,2.446324597678566,1.3191871288973984,20.853892424946885
Well_4,146.7409470752089,73.94728201018452,94.29092347114367,0.16503040689490298,2.456861639388928,1.5548918088490375,35.883253138912366
Well_4,147.40947075208913,69.18984196098988,85.85899741797354,0.14906421571080944,2.4505266461033908,1.6627252157172405,45.99654548219022
Well_4,148.07799442896936,80.33440903215507,76.35329810323016,0.17199796742639303,2.4350983899264627,1.411302266370305,25.78114885308491
Well_4,148.7465181058496,72.49440091640163,89.0062230986926,0.1442131106763926,2.469824113606566,1.6566711815997073,45.3598052846718
Well_4,149.41504178272982,74.20679142008012,104.48327520972013,0.16080565207952346,2.4735167624423826,1.4399255054530733,27.53756310912972
Well_4,150.08356545961004,73.08379800571872,99.77852889612507,0.17972774165175365,2.4503801896991377,1.536778469696527,34.41743252808393
Well_4,150.75208913649024,71.83269826047544,90.36211685256768,0.1540077223391972,2.4623440840534294,1.5336645528972306,34.17154011171118
Well_4,151.42061281337047,74.3338589515653,96.57456807048399,0.16856983576976461,2.4426542159032056,1.4769705042521215,29.989588333751716
Well_4,152.0891364902507,73.00833373423782,84.98452411511985,0.15108912307210573,2.45929643052815,1.465011682306486,29.175054923985464
Well_4,152.75766016713092,74.03932154402949,93.7777464886529,0.1736216652921499,2.445930570969582,1.3252543262256025,21.147270779194894
Well_4,153.42618384401115,72.50064723003145,108.53921535201695,0.14649851966260358,2.439962715804133,1.453475753880265,28.41029569415077
Well_4,154.09470752089138,72.54033887932064,90.95369229986078,0.15988686010637085,2.4456077524341175,1.5479421682304588,35.313614214445955
Well_4,154.76323119777157,68.35288365199966,103.53169009395482,0.1308629892231601,2.4981888124767297,1.5224607040816516,33.30126292315899
Well_4,155.4317548746518,72.61191509699236,94.60445906602536,0.13942068861111376,2.483323488700394,1.4857089144973035,30.59911842949959
Well_4,156.10027855153203,71.90852461384043,99.57873010389916,0.14723797303072422,2.495617838726873,1.559950972797834,36.30370694543343
Well_4,156.76880222841226,70.58522568932685,102.69220023290664,0.1528599093338031,2.464736066619738,1.5021721093380838,31.781333038935852
Well_4,157.43732590529248,68.81521548285426,104.59072003511213,0.13627776377030884,2.4963353722038737,1.6731956412923725,47.11895403992188
Well_4,158.1058495821727,71.84692455970225,94.63540944554688,0.12473402018561554,2.5171205332963646,1.6257027105637187,42.23793821395454
Well_4,158.77437325905294,69.88969458805322,92.83066121002093,0.12316869874707556,2.5445246700000514,1.7112764964619942,51.43710250833627
Well_4,159.44289693593316,76.814078490764,62.305680289197156,0.1832104495629143,2.4111423560920433,1.5248776577286434,33.48710915141517
Well_4,160.11142061281336,75.91394675556603,74.17517271616285,0.1899747649093485,2.411674868444149,1.5583744034745781,36.17215669258976
Well_4,160.7799442896936,79.82421880730362,58.25532806543528,0.1932616802836748,2.3982698255249324,1.5366577086625541,34.40786365923589
Well_4,161.44846796657382,72.3656249350711,62.00445356923966,0.1618795519087032,2.444279847655797,1.436729385658181,27.335648769373986
Well_4,162.11699164345404,76.06562536272618,55.64240999898506,0.18347557026765512,2.4105774663784048,1.6416585445445042,43.81860471835739
Well_4,162.78551532033427,79.02257921141583,55.973930505203214,0.18297043167382052,2.439064031798772,1.4241768809118496,26.556869588265506
Well_4,163.45403899721447,77.46283211798834,58.493041435491705,0.18624179593601495,2.4239541723903817,1.5705442612968767,37.2001131875123
Well_4,164.1225626740947,74.09705299642773,57.157060223395334,0.1804965618871648,2.4338167720864265,1.581027045218578,38.10895545941916
Well_4,164.79108635097492,73.1119892641949,52.93977404035117,0.15982907613380426,2.427287872584956,1.6611988655927779,45.83517201902328
Well_4,165.45961002785515,77.52272336556689,66.2253815773653,0.18163160511987567,2.4303101757607415,1.3130345243385215,20.56054035970483
Well_4,166.12813370473538,78.30779607661654,46.790238020112255,0.17749837943410535,2.3986780455517445,1.5955726968310704,39.40693856506986
Well_4,166.7966573816156,75.64698204272587,61.37567597696872,0.17817449480924463,2.423360302784014,1.5422695968346274,34.85536194006769
Well_4,167.46518105849583,74.81148338121004,46.66076546734689,0.16000061690613124,2.3964796150734706,1.7330278543796576,54.07890064607513
Well_4,168.13370473537606,77.19578983509743,57.014074022465024,0.19323037127959092,2.400823845486882,1.595338347923802,39.385679990092974
Well_4,168.80222841225628,76.05768320515435,66.82030140090876,0.17008856150188204,2.4357302280113933,1.626086419660744,42.27527288796077
Well_4,169.47075208913648,76.93678176098739,55.01858758580181,0.19045464069955717,2.4002703762493818,1.525378751997038,33.525769285226595
Well_4,170.1392757660167,77.24263835317366,61.920458831480474,0.1944106981724423,2.387380333226443,1.3169026870397817,20.74448640821916
Well_4,170.80779944289694,82.94959228631775,66.88679573200763,0.23552268565993328,2.3178961382020344,1.1894361993320561,15.468072512675784
Well_4,171.47632311977716,89.52610778789602,34.613941070254114,0.25039354877898434,2.29913024008147,1.6262823733160894,42.29435179351553
Well_4,172.1448467966574,81.69813582976923,49.20274429897522,0.2009811432755585,2.378281013987665,1.4734598246628428,29.748140546341443
Well_4,172.8133704735376,80.66298990725498,77.66131348767307,0.20891452447630618,2.327542877820439,1.3521810738002253,22.49992517301531
Well_4,173.48189415041782,86.45222406831483,62.81656687327022,0.24156366196828463,2.32800086791044,1.427004376383081,26.730333446697564
Well_4,174.15041782729804,78.43862293148553,66.4977517306341,0.21824924617101496,2.368237433202978,1.3908528541643268,24.59534133914965
Well_4,174.81894150417827,77.90019554144826,49.4525223934975,0.19470210069904442,2.4091774559902204,1.583988875068954,38.36974165348492
Well_4,175.4874651810585,78.24360323506635,65.31929700515818,0.21320673489683056,2.377486826446047,1.4500157883593807,28.18485392735391
Well_4,176.15598885793872,95.28886334125143,20.402448676888397,0.30141214671117655,2.186621384581135,1.3424892942913367,22.003374688785907
Well_4,176.82451253481895,82.00173515254386,53.91689007878463,0.21428113683666325,2.37249112205217,1.429991794396384,26.91483950278074
Well_4,177.49303621169918,83.88804176731017,62.633569464988156,0.2296216010056309,2.362312049121079,1.3014525611146814,20.019469328375155
Well_4,178.1615598885794,82.12584272079589,61.51102145669397,0.20841105471524354,2.335973242397037,1.4595787348280544,28.812353520772124
Well_4,178.8300835654596,76.72106672208994,104.71925093857905,0.16252431919695898,2.4681323630993433,1.5325652878612537,34.08515614560719
Well_4,179.49860724233983,78.92512948795782,66.57372163553809,0.18972008181853772,2.4028851427931017,1.4595802612524211,28.812454788362658
Well_4,180.16713091922006,79.11840077603097,57.468064398328664,0.2074022339008827,2.371448165041079,1.4943143327644137,31.2114778468395
Well_4,180.83565459610028,79.09307855963648,48.75062179583489,0.18010609081096726,2.3935539693079426,1.5235695580559765,33.38639736540865
Well_4,181.5041782729805,79.87391051934229,51.20999982228588,0.19790440207870283,2.3899418217713966,1.4790817769744788,30.135734219457532
Well_4,182.1727019498607,82.15009063645881,58.34859971006712,0.21912529236556108,2.3386444635209735,1.4819266129413298,30.333785607345753
Well_4,182.84122562674094,76.000792573516,54.08424332199476,0.17464982236779925,2.386007721424951,1.6393001663846283,43.58129855270877
Well_4,183.50974930362116,77.94965595508184,49.419159254891184,0.19249144810715743,2.420518769504947,1.5383852969042635,34.545007945082084
Well_4,184.1782729805014,74.04404056833337,54.054831720768675,0.1708888850497252,2.451387257992076,1.4600558833661508,28.84402633235261
Well_4,184.84679665738162,74.27453089918417,46.714864308911714,0.18308826104598827,2.4084915168673495,1.6868022413485795,48.618576761260854
Well_4,185.51532033426184,77.6965789967331,53.82866349785023,0.18669368813111942,2.434111052749504,1.687751184154843,48.72492554457158
Well_4,186.18384401114207,75.43480244860007,62.453616546485435,0.19069872359180576,2.4057180599273,1.4771753457244299,30.003736706934266
Well_4,186.8523676880223,79.2232716939353,49.53738849224828,0.1741160047942105,2.4177445065355996,1.5266629414588073,33.625050205776766
Well_4,187.52089136490252,71.89332045675015,74.533277565296,0.1850185670467529,2.422223527181204,1.6398797125067477,43.6394946236452
Well_4,188.18941504178275,73.47328377163791,57.73576547175351,0.18141612613112587,2.4260060949622066,1.556363081805978,36.00502209814348
Well_4,188.85793871866295,74.83927214212744,67.31785878002698,0.19302592630275153,2.4074654504938025,1.605968480428657,40.36160988627598
Well_4,189.52646239554318,78.68075277081167,33.01747192971669,0.22587620509679754,2.357850227009777,1.1925501514725414,15.579379320523454
Well_4,190.1949860724234,85.40062389053922,41.40387539208568,0.22945669279658892,2.338150669491412,1.5429512857597685,34.91011550654133
Well_4,190.8635097493036,84.76999138873772,28.53260803029517,0.2109643846641853,2.358853416385234,1.4824733849799745,30.37199956459688
Well_4,191.53203342618383,90.31484768074074,25.733700814025035,0.25611952194464255,2.2804963582538424,1.4764193232420264,29.951551454494908
Well_4,192.20055710306406,82.6116343082899,31.45533381254958,0.22753971896972405,2.3509020471530353,1.4423199103808026,27.689805832543605
Well_4,192.86908077994428,86.35028013436902,37.88787520219954,0.22694397706107472,2.342889370588995,1.5242741052971873,33.44060340608824
Well_4,193.5376044568245,84.38824246387247,24.044527638636822,0.2464371106326602,2.3230525562163513,1.5033741906215672,31.869422268679973
Well_4,194.20612813370474,81.16634360978107,43.63056010640733,0.22392080927894747,2.3739671205410393,1.5397029630242545,34.649977985562565
Well_4,194.87465181058496,83.29606334387957,35.84200738313059,0.22966819452219164,2.3406327379786354,1.6038931291929777,40.16919506811298
Well_4,195.5431754874652,88.42938625575704,35.09995556906195,0.2500409894634413,2.3166046130917306,1.5365754082041712,34.401343855809316
Well_4,196.21169916434542,85.23707828765046,28.408857112262307,0.258394989258803,2.290734985526717,1.3811586215135396,24.052411287424036
Well_4,196.88022284122565,84.49874249702954,34.137098593111205,0.24003211521632054,2.281611227256583,1.6064659712504052,40.40787120526672
Well_4,197.54874651810584,87.66489479591198,27.46040771719159,0.2344573826003054,2.3038734438151507,1.3092932070880647,20.384178189748734
Well_4,198.21727019498607,93.51401626361611,35.323268014452964,0.24945215540582708,2.2921568401309274,1.5165272473673492,32.84938531578667
Well_4,198.8857938718663,89.18965041778907,36.319370268164874,0.2534132187344597,2.2910184284041657,1.3923624281538103,24.680981594325203
Well_4,199.55431754874652,80.53427829541879,62.326779530856314,0.1972163378529573,2.3621802437120105,1.2729453995422064,18.74758794450055
Well_4,200.22284122562672,97.12487659069369,28.28370279927249,0.2977108087814268,2.1918837046154813,1.328865473485279,21.323842861488906
Well_4,200.89136490250695,90.38057501698921,38.168467960286705,0.30886672684504995,2.208707712590523,1.479444080140409,30.160884958951772
Well_4,201.55988857938718,92.07230391196853,35.159488597407616,0.30001631941079066,2.20874387971168,1.2824039052322824,19.160370612446407
Well_4,202.2284122562674,94.04381896091147,29.9389557960877,0.30528299519713215,2.195665902536857,1.3489797047350411,22.33467846922526
Well_4,202.89693593314763,93.97112437647151,18.999069262261465,0.3020276261527786,2.2173339199751743,1.5173927518526829,32.9149160574223
Well_4,203.56545961002786,94.55367091188252,28.194223415422307,0.3227604247331037,2.179265651116133,1.3515166636714075,22.465529735005184
Well_4,204.23398328690809,95.20567435354457,18.879183309202062,0.2902375151409393,2.2212853423791805,1.5319236553372817,34.03483545766809
Well_4,204.9025069637883,97.50278700613984,12.808337000923538,0.3199260450811999,2.191093295077636,1.3330199671189646,21.528807132722108
Well_4,205.57103064066854,101.1528733993325,19.55377207240191,0.2964809403765943,2.186171607038718,1.3410842972178707,21.932306034255067
Well_4,206.23955431754877,94.4317165020554,30.592299958338764,0.3073401851553173,2.181843893528747,1.100950599860147,12.616840123627812
Well_4,206.90807799442896,86.71047766941558,31.628164462326062,0.2512843563241337,2.2805848631001138,1.4000844774313614,25.12375082325472
Well_4,207.5766016713092,91.54925381966571,40.54630583902831,0.30362592234438823,2.2089494010434034,1.4628915202572856,29.032973671251252
Well_4,208.24512534818942,93.06956611062346,25.14321020273592,0.2950879704466175,2.2396944726627375,1.2968471519556233,19.808297587379062
Well_4,208.91364902506965,88.23671933924781,15.600416735766265,0.2702987073121782,2.2527889558439043,1.3771248169695214,23.830042504072413
Well_4,209.58217270194984,96.87554209492966,35.77202973322146,0.30737773693269255,2.2344684392022724,1.2117625609019536,16.284055012987924
Well_4,210.25069637883007,86.43396777571664,24.0274225553332,0.2675989510472497,2.248726024809115,1.6318743019698778,42.84245033713291
Well_4,210.9192200557103,89.28137576796671,31.806120475869506,0.2738410198937435,2.253058663356465,1.4829610543548248,30.406123445250973
Well_4,211.58774373259052,90.55735249119776,32.39341285315445,0.24638041833201302,2.2846087360211187,1.3411293384147402,21.934580777736173
Well_4,212.25626740947075,90.96911094222301,26.244968201454345,0.2689906853985796,2.2740439653515754,1.4441777333546686,27.808510875844465
Well_4,212.92479108635098,92.35854951416052,25.73053365846386,0.287740066722794,2.249447988104055,1.6042390535942035,40.20120339616413
Well_4,213.5933147632312,91.9876963166931,31.09138560057759,0.25926771933071313,2.2874449569581086,1.5209495849277048,33.185593182269315
Well_4,214.26183844011143,89.76654224968698,30.76975346887846,0.2500827177104404,2.2945474821422156,1.584054193973258,38.37551298623613
Well_4,214.93036211699166,92.20918648616058,18.579162074575187,0.26715514443467187,2.267803284720921,1.399567749747348,25.093876122920477
Well_4,215.5988857938719,90.52013834004946,24.74787141341272,0.23799786057973604,2.273601145929621,1.4647098807869094,29.15478753041439
Well_4,216.26740947075209,86.82250741258702,31.34322779177131,0.25017270642244877,2.2918690814809497,1.49937330514122,31.57717726650696
Well_4,216.9359331476323,92.49609044579837,23.74294264173721,0.27082658988692115,2.2523083891147153,1.2957078781688645,19.756403075273493
Well_4,217.60445682451254,86.65934780461036,25.530785386089356,0.2442988124785579,2.2890631040871705,1.3825458547552125,24.129362877553717
Well_4,218.27298050139277,87.71620321695839,26.999450188008982,0.2580460449381145,2.2937022606436095,1.6061985518824584,40.38299748103398
Well_4,218.94150417827296,91.2157123313703,28.05087533772679,0.2987606364409848,2.24072162970195,1.4867668393978148,30.67374758244396
Well_4,219.6100278551532,91.34740881020352,25.339618019681755,0.2901439718731283,2.2290267046167624,1.353570761146603,22.572037397814423
Well_4,220.27855153203342,89.64331260871128,26.303157759482026,0.25577893785141126,2.2661982671077037,1.6065423158445977,40.41497512627642
Well_4,220.94707520891365,90.34206575958073,23.166596711314416,0.27499239507630857,2.2470823894394063,1.2527069536088158,17.893980247615907
Well_4,221.61559888579387,92.30402751856765,20.730890821900687,0.27782109714627923,2.24757677813839,1.625005651797808,42.17019913152149
Well_4,222.2841225626741,93.0081850334323,24.98795183811449,0.29109325824210647,2.2185925040252585,1.214960398634668,16.404401819990458
Well_4,222.95264623955433,92.15620606475115,32.030565305481446,0.29674870149944127,2.2228716592920175,1.566144526041834,36.825150128077816
Well_4,223.62116991643455,91.2677063625607,34.23508812694939,0.29046526454799304,2.2375571243744554,1.4657939254580936,29.227651844920235
Well_4,224.28969359331478,94.530523528812,26.338559840350094,0.28872813515311146,2.197842937950401,1.3662656223331484,23.241578585776672
Well_4,224.958217270195,94.98262854736913,9.091370175443757,0.3090539605257883,2.2017833714360355,1.4698312004553153,29.50062387378208
Well_4,225.6267409470752,93.82483899197369,31.454473093508373,0.2916358916397901,2.249394662832624,1.2640198879671507,18.366224472273657
Well_4,226.29526462395543,96.67614466201495,31.522671485121535,0.29508130357258405,2.2063936819150656,1.5609400657432022,36.386481796140544
Well_4,226.96378830083566,93.37025993165786,19.619469266950226,0.2916172553390522,2.2272239707009436,1.2712336163180424,18.67383926582596
Well_4,227.63231197771586,96.36916974904373,19.269719226448355,0.2963492035631323,2.218973459524883,1.3648111814973136,23.163873337365043
Well_4,228.30083565459609,95.3488174127456,14.657520922206032,0.2887448795026902,2.226623631107153,1.3844575137210215,24.235808582280256
Well_4,228.9693593314763,95.47212988487044,28.944571674658413,0.31544441757548897,2.223682499411025,1.4703684661982346,29.53714168168419
Well_4,229.63788300835654,98.52122201247391,23.790079390710265,0.3138098611665282,2.1781439813577235,1.4262319237581773,26.68283211892608
Well_4,230.30640668523677,95.59675501356469,24.024670089539267,0.3157532860518304,2.202356972728087,1.4385743226035703,27.452021010248
Well_4,230.974930362117,95.18071570692598,23.264334387376618,0.3099241855646316,2.209134166653911,1.3835380854153707,24.184554148604427
Well_4,231.64345403899722,94.16316581070706,24.070078192629694,0.3104501833043925,2.227229716195581,1.2548966179512,17.98442752130134
Well_4,232.31197771587745,93.94630876981344,36.86778783610549,0.28610901530796545,2.226522516613567,1.4009132863354679,25.17174284488298
Well_4,232.98050139275767,93.48721142984586,25.92169485519168,0.30041896589379236,2.21734520790875,1.3392799873223895,21.841375598090902
Well_4,233.6490250696379,93.15658794534937,27.097924566050196,0.29751379834614383,2.208721669651384,1.5472882156630972,35.26047964438926
Well_4,234.31754874651813,92.61148886697397,13.758271298511001,0.2877739155062841,2.2200311510681567,1.565763052161751,36.79281799940705
Well_4,234.98607242339833,96.40537048120085,36.3802301611951,0.28919236988848707,2.2192579091965206,1.203120226178968,15.963209972249443
Well_4,235.65459610027855,78.96507815222502,65.51705464566334,0.21601199380998515,2.3796580042350035,1.522746728737037,33.32320222908005
Well_4,236.32311977715878,77.93372544757312,62.90889635949438,0.19148651240732478,2.365112698399896,1.5647693509325136,36.708729265786495
Well_4,236.99164345403898,80.0202382474408,65.40707461731914,0.2255750472911226,2.3837834354257423,1.4015630592350796,25.20943192138657
Well_4,237.6601671309192,81.1519736421776,45.86460505012127,0.16625285297821948,2.439668336228484,1.5136363685113376,32.63144970944507
Well_4,238.32869080779943,77.22825833746312,74.41012182415876,0.1953236611911976,2.415349654806949,1.2578066010408024,18.10533650643128
Well_4,238.99721448467966,78.894010532008,57.138762707940415,0.1873979936351646,2.435780606818873,1.6111770278089557,40.84858600586261
Well_4,239.6657381615599,67.63604741460708,98.1118696493963,0.14875030668004996,2.5013840521874173,1.501527715536619,31.734211768039344
Well_4,240.3342618384401,78.12879169209724,61.35812297142468,0.19963642582470542,2.3984984289977267,1.7391248980246836,54.84346656528108
Well_4,241.00278551532034,76.08148377195788,51.826673093877034,0.18199782505573558,2.400077320181635,1.5839434917841373,38.36573226813642
Well_4,241.67130919220057,78.11096024020021,55.76751843525106,0.18840037984373878,2.4247659479789325,1.5988602834697851,39.706378984575096
Well_4,242.3398328690808,72.26366058110881,51.93862258616055,0.16607797264031704,2.4364125178237694,1.4962343146211055,31.349766800562676
Well_4,243.00835654596102,80.10840713060286,53.42108897744683,0.17850644121715437,2.430912841419909,1.764752228655172,58.177121409895086
Well_4,243.67688022284125,73.69449626082724,57.89048662886478,0.1557214216290695,2.4187304806187715,1.6285532456687688,42.51608294678343
Well_4,244.34540389972145,73.43420674023295,58.72455166547175,0.1911439848637121,2.382523725531822,1.5075784869977993,32.179440366200275
Well_4,245.01392757660167,76.87370776170874,57.59970072099476,0.17659690426306254,2.4285080831372614,1.609430686339673,40.684659566606385
Well_4,245.6824512534819,79.3206192468808,52.74637315217706,0.16403125052993034,2.41212245122706,1.4772390031679175,30.00813487738808
Well_4,246.3509749303621,80.27346613356103,51.81227567351587,0.17971960075705734,2.4150614969688853,1.6520725813388362,44.882039264299365
Well_4,247.01949860724233,73.7784893927547,73.89184034143149,0.1672033363042781,2.442491293308229,1.4960354816327641,31.335417225831307
Well_4,247.68802228412255,77.0566470124343,50.55213211752236,0.16879739014717615,2.407623110076886,1.6712712673563728,46.91063020366613
Well_4,248.35654596100278,77.01020139959326,54.40810514365499,0.19404794820032217,2.385385250292871,1.3927374945604942,24.7023058475585
Well_4,249.025069637883,79.28229814340979,60.65398303672214,0.21781489045967312,2.3712355356824615,1.3691886892007055,23.398536209316877
Well_4,249.69359331476323,81.29003530519402,56.41283915255491,0.18376133834062086,2.3907663733970685,1.488513268706401,30.797344331140728
Well_4,250.36211699164346,79.992574735385,63.20681195556371,0.2089008453937417,2.358163335129764,1.4563476213191133,28.598787535591587
Well_4,251.0306406685237,84.13871416943127,63.27839487241269,0.22154513482832355,2.391940321332862,1.3032352999807941,20.101816304679637
Well_4,251.69916434540391,81.15660545894411,52.77821803871885,0.17710414438681132,2.3881564947157314,1.3770871343063176,23.82797491964152
Well_4,252.3676880222841,83.68166716666491,50.860370232081735,0.2151886307397508,2.365827305461874,1.5965996167374417,39.500229301031816
Well_4,253.03621169916434,79.86908758154638,73.0875339819787,0.19547753810999244,2.3610799835881946,1.3441624310514892,22.088307062308377
Well_4,253.70473537604457,83.3927570777555,68.01393674402301,0.20898446089091632,2.355949111035784,1.5017224703245968,31.74844583251548
Well_4,254.3732590529248,77.76541601220535,54.7531544644404,0.1921424087438026,2.3722701662948724,1.3861123624664302,24.328333603755652
Well_4,255.04178272980502,82.6266799137981,50.79974119178,0.24492694991024058,2.343704067790588,1.334068705451514,21.580857916412086
Well_4,255.71030640668525,81.0758052419458,60.28673282706677,0.20894722550927333,2.383606703612577,1.3891888560259926,24.501284659040824
Well_4,256.3788300835655,80.56641196710821,47.825037484286156,0.19370319278992282,2.3649061032542016,1.6267775659154613,42.34260429440344
Well_4,257.0473537604457,78.26844010741321,61.57019564949442,0.21639061813632043,2.381142252468724,1.4412479645497627,27.62154484358801
Well_4,257.7158774373259,77.34911099659892,64.87416503049319,0.21385752720482334,2.3569201240973716,1.2831446409494889,19.193078560598092
Well_4,258.3844011142061,87.10557922385722,54.537982094530534,0.2305515015650256,2.3539880146439773,1.591811269562432,39.067108578781635
Well_4,259.05292479108635,82.03005143704074,75.48300003464334,0.22237318211286328,2.3484069974522668,1.3313724279922716,21.447290189856105
Well_4,259.7214484679666,79.55675852493903,49.53376614400803,0.19858243492670952,2.385133585345801,1.5319322548917516,34.035509395126105
Well_4,260.3899721448468,78.87790641594073,55.25611228441909,0.20875387445336832,2.3815686135806144,1.5294478947576742,33.84136676571392
Well_4,261.05849582172704,76.47045811951719,59.70028359340503,0.19731380617682598,2.39423347463111,1.4299338014299912,26.911245703554798
Well_4,261.7270194986072,85.28827108357132,73.81278574398287,0.2127032631631416,2.401872346357577,1.2638911805052613,18.36078226660155
Well_4,262.39554317548743,77.06638461199562,55.82219115486059,0.1816140504796658,2.4101717160265643,1.4955756885714913,31.3022595785679
Well_4,263.06406685236766,80.46952988788568,47.73091619962847,0.20495425761182412,2.3837804737837995,1.4641930698999017,29.12011393770379
Well_4,263.7325905292479,78.09078606854412,57.28115529161258,0.18878368516119717,2.3913589276235188,1.5434895556021246,34.953410351172025
Well_4,264.4011142061281,77.8529475052031,58.32064698852433,0.20086353418067185,2.3962865417066648,1.4626256054928166,29.015202473080155
Well_4,265.06963788300834,73.90946176091995,66.32282261198642,0.194067684254295,2.4106001887301796,1.6633886149416273,46.06686042140775
Well_4,265.73816155988857,75.78548371986629,63.24258847220132,0.1805761129093188,2.394169176685236,1.3891741912106461,24.500457338492293
Well_4,266.4066852367688,72.96470007918667,36.97607558034461,0.15796006717701275,2.453244902065578,1.681785146915025,48.06015276361531
Well_4,267.075208913649,76.36868793732863,57.56157160018262,0.17990788219832046,2.4011990515026294,1.713498784147981,51.700981054454964
Well_4,267.74373259052925,72.22397740963328,53.79073950424173,0.18481527631362094,2.4270255927587625,1.5230752207477958,33.34841679438309
Well_4,268.4122562674095,77.8292140815378,57.51732783456086,0.1749257751937224,2.416323978485811,1.634074806109594,43.060077398217885
Well_4,269.0807799442897,75.77579908010199,63.639014182844676,0.1708621027978598,2.4498173085736363,1.4818585362968213,30.329031090340774
Well_4,269.74930362116993,73.07757318049599,56.36913293757033,0.17245071779929977,2.41503914136718,1.5880315503105016,38.72857791560297
Well_4,270.41782729805016,70.07482520115225,44.65352343823963,0.15904155811840864,2.4399901099600254,1.6037842832541738,40.15912884329636
Well_4,271.0863509749304,72.15158354099127,66.21416861563988,0.1561710948045549,2.4160937128843734,1.5944253945728513,39.30297223617226
Well_4,271.7548746518106,76.51807710806445,53.354755385524925,0.15139309136676757,2.4176853839397943,1.7323846068279387,53.9988619322975
Well_4,272.42339832869084,74.84666775782958,48.290342533282924,0.17446733121087774,2.4322795268774953,1.5120305372334737,32.51101565654084
Well_4,273.09192200557106,76.29408278256336,48.84056009316217,0.19719799014848588,2.3982026179565965,1.4238442736858143,26.536538624945393
Well_4,273.7604456824513,77.90971826861825,55.92760644867204,0.18953287253380338,2.42713060392928,1.5414112879169302,34.78654429190592
Well_4,274.4289693593315,79.18249012135512,61.02622832988703,0.17678638736040445,2.3891034120891006,1.5094428125325718,32.31787616782363
Well_4,275.0974930362117,80.37197017367717,48.01198139792301,0.18669797788369039,2.411361889110421,1.6317665346698895,42.831820585670286
Well_4,275.7660167130919,74.85965049164497,45.91428468335123,0.18840213394324315,2.402723761744708,1.5164640559297122,32.84460595763415
Well_4,276.43454038997214,84.93780719549355,54.155040339446856,0.22471007554003397,2.354353151922514,1.5360394054798365,34.35891218626026
Well_4,277.10306406685237,68.65281870662699,104.55555453089003,0.1316261550499753,2.509055481918073,1.6615832957203485,45.875762500164356
Well_4,277.7715877437326,73.66728267918931,102.56415433240188,0.1581138895587061,2.4317629258423232,1.3519041369865257,22.48558220623442
Well_4,278.4401114206128,78.34036832541,97.55326402254573,0.1599906851815874,2.429583042917882,1.30064458143754,19.98225889228035
Well_4,279.10863509749305,74.34505239603213,103.9225979190073,0.1608480691231163,2.438815792452103,1.4378665292499304,27.40731739538288
Well_4,279.7771587743732,71.75295224670592,94.49240055825229,0.15232754310042387,2.4430389610809096,1.362590182124603,23.045714752857794
Well_4,280.44568245125345,68.0058515689428,98.92419776161222,0.16115713204314805,2.4892583657668736,1.4818443582735457,30.32804098176764
Well_4,281.1142061281337,70.5114422475791,87.00222287344829,0.16778338739555193,2.4377362057146366,1.3624546022003619,23.03852136513219
Well_4,281.7827298050139,74.72930096701256,105.84429935257616,0.162755165888606,2.4252454236435796,1.5143226807551764,32.683057706644036
Well_4,282.4512534818941,71.55608739487096,78.68877125455609,0.16068433006720748,2.4732716771767285,1.555094006853466,35.89996348580324
Well_4,283.11977715877435,73.98307205255534,98.85198010732158,0.14917689247219917,2.455129084994735,1.3943829256495652,24.796074107579724
Well_4,283.7883008356546,71.01092398006568,94.67940254706025,0.15641909219713826,2.4778563568678678,1.463244458925433,29.05657752596133
Well_4,284.4568245125348,70.38433654331646,83.98379614611389,0.14034228574956012,2.468642474198939,1.6234310065485935,42.01757718682874
Well_4,285.12534818941504,71.13911844682886,97.51409318499813,0.15467706521518665,2.4796564897617728,1.4339520297138129,27.161392393011035
Well_4,285.79387186629526,78.18439685107853,101.24499486239543,0.1676930641166005,2.4334365157852726,1.395246701214132,24.845440510984886
Well_4,286.4623955431755,75.24545284922986,99.18297966546804,0.16965541828016942,2.451013010890752,1.4780724918298527,30.065781145762582
Well_4,287.1309192200557,85.12841499105625,37.129892835628425,0.2411714530744044,2.3160238413860714,1.5035855096285786,31.884933065336867
Well_4,287.79944289693594,86.53207606386711,38.73521329326613,0.25362589200676655,2.3146023212803257,1.4378702662698406,27.407553231055953
Well_4,288.46796657381617,84.37033252698839,30.57162113860266,0.257189011988092,2.330349636380534,1.5586246347167996,36.19300432523148
Well_4,289.1364902506964,85.56862930003152,41.188886873464,0.23236421442306368,2.2970792209728983,1.454409600231925,28.4714509624514
Well_4,289.8050139275766,85.02309888920739,39.717672647579036,0.23833937894452623,2.319723478033114,1.4235235699669928,26.516950015097553
Well_4,290.47353760445685,84.65130723983876,36.79176829367715,0.24217083496842315,2.291419607178522,1.3954694206689042,24.858185278250694
Well_4,291.1420612813371,81.67407019901935,30.147624380712184,0.2562082557110663,2.332735105768462,1.4727847323010868,29.701934245100706
Well_4,291.8105849582173,86.7323072438817,50.355092090245776,0.23854446960426584,2.332678823626227,1.569937442770478,37.14817157745129
Well_4,292.47910863509753,85.68493959067774,47.29375209822197,0.2357264542587526,2.3267465872125435,1.391084884352464,24.60848538469473
Well_4,293.14763231197776,83.00029920529357,32.45596714885089,0.23314618240017815,2.3487779962439332,1.414174338308898,25.95220949451907
Well_4,293.81615598885793,85.42760773172567,40.399053380319614,0.2246675184818945,2.3498482335022106,1.4154363674536636,26.027734467543077
Well_4,294.48467966573816,76.28317290685918,35.70669985825634,0.2026730615789768,2.3688163996241274,1.674181400138573,47.22602581083944
Well_4,295.1532033426184,84.47171222286046,31.895663054947626,0.2201658530653275,2.307627284541207,1.5804760685791674,38.060638403859144
Well_4,295.8217270194986,82.89525058797871,36.028758554413486,0.22930017577015116,2.3532500074418,1.5015379463712983,31.734959351331316
Well_4,296.49025069637884,81.44983586997363,37.67693969030452,0.226991025066802,2.365885537702947,1.627356733558096,42.39910933106016
Well_4,297.15877437325906,77.87301187039401,32.97485123521422,0.22845137107053815,2.3407415407585663,1.5663727737628061,36.84450903329305
Well_4,297.8272980501393,83.4330740432611,40.71462992020342,0.22086552793345746,2.3574452557484533,1.655116946712153,45.19776364172724
Well_4,298.49582172701946,79.6306790443532,34.766814808413955,0.2188305022140262,2.360724368185439,1.4634395138798846,29.069630656004687
Well_4,299.1643454038997,78.85122342770106,25.858512851830334,0.23084672857214178,2.348785408021018,1.7038407886184932,50.56392618039861
Well_4,299.8328690807799,82.69790355600496,31.665131423817694,0.19699795780780377,2.372661569742615,1.6148752228128125,41.19791363286464
Well_4,300.50139275766014,81.81119135875979,32.21598565508815,0.2217837029428295,2.348526607682404,1.4894465916167143,30.86360069970839
Well_4,301.16991643454037,85.31734726706344,37.3925946602308,0.23160558499023687,2.3143557484575203,1.4230104193845523,26.48563680911785
Well_4,301.8384401114206,85.59704496028452,43.96205246230244,0.25164290051589,2.296594457267623,1.3862543879883462,24.336290898771157
Well_4,302.5069637883008,85.58534918817487,43.471110239027766,0.23378106593520565,2.3297979432942038,1.6936847701794435,49.395202497677225
Well_4,303.17548746518105,87.8407468377215,47.540244943679696,0.2317448328670225,2.3190579084190173,1.3899638941529302,24.545048475599994
Well_4,303.8440111420613,87.28639805090609,35.30514438442705,0.25385247539606587,2.3025084933987667,1.4807014343352338,30.24833222427691
Well_4,304.5125348189415,88.24910821900215,30.153773114693102,0.23329537659960314,2.2918208993555624,1.6958626730935962,49.64353203617088
Well_4,305.18105849582173,86.30159093176731,36.407811877989104,0.2421395705828381,2.3108495445186463,1.4980527062983984,31.481303503382332
Well_4,305.84958217270196,84.69876853999199,27.91228503432855,0.262008471957891,2.2910136520356725,1.4666944827801724,29.288321472953022
Well_4,306.5181058495822,89.15996960122,26.402987504388026,0.23600268420294748,2.3012276779459384,1.5783882854457756,37.8781086498023
Well_4,307.1866295264624,85.41919745971195,45.86024675820988,0.24833256540316095,2.262950765647896,1.464224162176554,29.122198797372867
Well_4,307.85515320334264,94.06170321921982,42.424932248873304,0.26988275760406166,2.262195668769811,1.5441735212015468,35.00850146221959
Well_4,308.52367688022287,91.82974005801746,27.50023944410634,0.2897367919718443,2.2764787443063277,1.2495207797726442,17.763182581007513
Well_4,309.1922005571031,92.59219176948343,49.14436848581528,0.2773290132747189,2.2334667638239862,1.2532883506887769,17.91795125134646
Well_4,309.8607242339833,92.1138455928955,29.065894439722054,0.2850472474354052,2.2832633015671098,1.414217494856669,25.954788535851215
Well_4,310.52924791086355,87.66321313463271,42.763943709817184,0.2436324575553971,2.296552847577655,1.3673350009139011,23.298877658149475
Well_4,311.1977715877438,83.58325981823168,25.90773197123596,0.24579121168706497,2.315072673891184,1.397166164932929,24.955493636958533
Well_4,311.866295264624,87.94309960855486,34.9813670171586,0.24075526267505215,2.297635101319521,1.507754031566825,32.19245012811437
Well_4,312.53481894150417,85.70870847006303,35.09535585945031,0.23840135953672364,2.304071183217945,1.5991000627903695,39.72830741729311
Well_4,313.2033426183844,87.83272031022703,31.01494193707243,0.24411873628848313,2.3147576964027787,1.7195540907922775,52.42688939263124
Well_4,313.8718662952646,90.92308319416499,20.933095155515755,0.2999828063317798,2.20847547700602,1.3856933279171955,24.304871422661645
Well_4,314.54038997214485,95.47481611585863,26.142802587807886,0.29093006392955306,2.228579339610495,1.3314470335369022,21.450974842265836
Well_4,315.2089136490251,93.67495008924946,28.656843538044306,0.283486391292092,2.229701243637501,1.2405508009978852,17.400062209619026
Well_4,315.8774373259053,92.75544423755397,39.49836993757208,0.30399849531402784,2.206171199120785,1.354329501714416,22.61150667568322
Well_4,316.54596100278553,95.85055200006414,21.167783991775718,0.29044109819574626,2.2081462356034964,1.5292383134476173,33.825039579433216
Well_4,317.2144846796657,87.60819641067694,28.225515478172152,0.2645149107219394,2.266558106107733,1.3628195517050905,23.05788939994443
Well_4,317.88300835654593,91.45341063246877,35.53599036139178,0.2799979831576531,2.265004853917543,1.340575595655589,21.906631135992733
Well_4,318.55153203342616,91.9614238747358,21.1338124788946,0.2946641055337326,2.2578946778080446,1.5623676812331526,36.50628846945402
Well_4,319.2200557103064,92.95296542810128,35.70833514408413,0.2762288863452872,2.251292404010941,1.421311237150403,26.38221389928266
Well_4,319.8885793871866,90.26416114818831,21.96864772161691,0.2698364178219808,2.273777847730957,1.5343878447076904,34.228498210627826
Well_4,320.55710306406684,91.99623497687546,25.039363806003543,0.26011535910196715,2.2791797221203005,1.4123851204308653,25.84551083722927
Well_4,321.22562674094706,84.66296611665574,32.706201302123894,0.2416419358487653,2.299633894645524,1.4208095972371844,26.35175822535468
Well_4,321.8941504178273,87.68712458867621,29.11251227500986,0.24272499829683347,2.2627772875762093,1.5778871334761122,37.83442460298788
Well_4,322.5626740947075,88.80138130008537,32.86941989331937,0.28180249160332516,2.269732540203921,1.402011787867866,25.235492671606803
Well_4,323.23119777158774,90.266612195491,18.97778808958296,0.26157408311263713,2.2716080312107474,1.443048889024031,27.73632318024684
Well_4,323.899721448468,67.94092863929143,108.24637054464671,0.14505940680780038,2.533225246765369,1.5632543308418094,36.58089533542881
Well_4,324.5682451253482,87.30174159368107,21.272372392649867,0.24935205091066628,2.2894559373246484,1.6303874722529057,42.69602776872489
Well_4,325.2367688022284,88.68301345556038,23.33985567046598,0.28030274461930754,2.275923619789906,1.2996213835876853,19.93523610260691
Well_4,325.90529247910865,88.0616967855246,23.39569849185473,0.2690903204050047,2.2627313708839827,1.3545060979913919,22.62070301601649
Well_4,326.5738161559889,90.64641813863938,30.479210370564,0.26453913625928854,2.264473401563143,1.4069505927602808,25.52410912714728
Well_4,327.2423398328691,90.19376983966441,38.835493343995154,0.27579592779192863,2.2393648628758913,1.279596920721088,19.03693033936231
Well_4,327.91086350974933,92.07992952020743,33.23666869245007,0.28398102084841653,2.263678355730533,1.6353917067540977,43.190845590971605
Well_4,328.57938718662956,93.97142462236798,32.344407097877905,0.2826702602582789,2.2250001069441807,1.1452552481734335,13.971892907444207
Well_4,329.2479108635098,89.5493919891283,19.069130718622343,0.27806966769649333,2.2567972795283366,1.6322011519494666,42.87470569673925
Well_4,329.91643454039,91.93039613211357,23.953931376122362,0.2989376484248967,2.2205715780340656,1.4569508132353186,28.63853600898454
Well_4,330.5849582172702,93.86728201661447,34.323043537702226,0.27122864018498927,2.2117248963178358,1.2591887554316712,18.163049035723247
Well_4,331.2534818941504,94.3007667666236,32.41989609357483,0.3016054817580439,2.2118435719124587,1.3581462604511745,22.81110168400656
Well_4,331.92200557103064,91.38446943868658,26.349292038582334,0.2917861641879677,2.2020132939307855,1.2572687588948652,18.082928241655555
Well_4,332.59052924791087,94.251477107836,27.545029852093112,0.3021506161323243,2.1957265259260335,1.2467741074048744,17.651194780623623
Well_4,333.2590529247911,95.66640938408756,21.948029195656687,0.29934987626238574,2.2392644447169494,1.380651111055727,24.024320392483993
Well_4,333.9275766016713,92.88021157991767,19.004301313196056,0.31005254988989867,2.1835223623937416,1.5392525932452363,34.614064072515184
Well_4,334.59610027855155,90.37745285367973,31.511186440071704,0.3111999079546182,2.224792635053056,1.303525316758342,20.115244545703703
Well_4,335.2646239554317,96.54617586049234,20.68049875597975,0.30457246865819837,2.175120234729444,1.5030202761654592,31.84346187725054
Well_4,335.93314763231194,82.95509534141097,45.30298067505528,0.2189848443080748,2.35570025321391,1.4452308535963296,27.876025530237825
Well_4,336.60167130919217,84.1380796285411,58.80422949540076,0.23318725639320292,2.3561488267263995,1.4058407116393634,25.458963101910392
Well_4,337.2701949860724,78.98734087355375,47.32291335468892,0.2190260995625851,2.353948569778484,1.4824823794216964,30.37262858941828
Well_4,337.9387186629526,81.2624850482293,58.632957542930626,0.20338412002376574,2.374523767740479,1.3610656431947976,22.96495735010614
Well_4,338.60724233983285,80.59973755675898,57.26495885009396,0.22302203201692086,2.3631785651989543,1.4030805553519685,25.297671881955146
Well_4,339.2757660167131,80.68785728728211,50.86522764466143,0.21587831187738163,2.3678738600374647,1.5820147769506048,38.19572667860667
Well_4,339.9442896935933,74.5538345183867,94.79047085965888,0.13630212851842824,2.4932262207151874,1.74538332430377,55.639513544222204
Well_4,340.61281337047353,84.05751882278695,50.03837196051005,0.2129036903044742,2.3614807827032327,1.4621983427563798,28.986671098339745
Well_4,341.28133704735376,77.84212048647092,62.15229518130066,0.21589079659551347,2.368468940833204,1.3988984852782653,25.05523527762669
Well_4,341.949860724234,81.35993524316797,59.09448360160977,0.18795135553318099,2.3887617788555966,1.4659372289477235,29.237297640060778
Well_4,342.6183844011142,77.06517526243455,54.14603311890687,0.18162123522591156,2.4156297900333423,1.533039937855042,34.1224289270464
Well_4,343.28690807799444,79.35829485236462,52.979847445697445,0.20061902261899775,2.3917911075488,1.2973048715561726,19.829185316694343
Well_4,343.95543175487467,77.50250105543122,56.0552702779046,0.1962659063703903,2.4110547140497056,1.5799338723708933,38.01315113819026
Well_4,344.6239554317549,73.46229225498145,59.65904003864746,0.17719597569118936,2.4068587710721743,1.6414623956129337,43.79881853135597
Well_4,345.2924791086351,78.48003760963911,55.28131694740341,0.1863342021680075,2.4271190576788366,1.43410795974259,27.17114622891371
Well_4,345.96100278551535,71.67298120761319,53.94821164002093,0.17420375168953725,2.430691125217982,1.8283344416076104,67.34951019196252
Well_4,346.6295264623956,77.62627922273556,56.582546305116836,0.17759112884908984,2.4049378477651255,1.689740069404745,48.94857684200413
Well_4,347.2980501392758,77.35514170014848,52.15714740000901,0.15717733576800175,2.4101430609812353,1.4842828484484163,30.498806772167754
Well_4,347.96657381615603,76.99775995647295,62.136890393208134,0.18862487029159947,2.42091678421385,1.5975652056603673,39.58814986481772
Well_4,348.63509749303626,76.73130306272591,59.61579743208537,0.17088645178098544,2.4153231990369735,1.6980932385601113,49.899160432827486
Well_4,349.3036211699164,74.52851109627308,65.18217645660486,0.18211349223971315,2.4315033047994183,1.5862491487187096,38.56995646969343
Well_4,349.97214484679665,73.1901644556355,60.88776084554445,0.1594457043139736,2.413048289316098,1.5122323143308831,32.5261240744341
Well_4,350.6406685236769,75.07154841925936,55.93680381375552,0.15989028218011056,2.446881995634169,1.4160229955750705,26.062915475760104
Well_4,351.3091922005571,74.00695115750926,55.48579802435208,0.17386667437216222,2.4378601423770063,1.6741328784581386,47.220749763769206
Well_4,351.97771587743733,76.35385404229396,62.864886215643054,0.14793218899450122,2.4254310299395754,1.5817130686958623,38.169200981089
Well_4,352.64623955431756,72.96387476420485,59.42268156330496,0.16380887100714486,2.4419950142255,1.5111699561837932,32.44665687919827
Well_4,353.3147632311978,79.26619357097626,66.0725711220358,0.1604677129714769,2.4191704823172056,1.4837294192562702,30.459966352354748
Well_4,353.98328690807796,86.27623929578209,60.65229031041412,0.19822503638662983,2.3522600615497296,1.4771637401704174,30.002934934521974
Well_4,354.6518105849582,77.67624842030285,56.53246776821028,0.1810072306910823,2.4212181376642357,1.4743312065821834,29.807888057840884
Well_4,355.3203342618384,73.47151069302863,58.55013231100975,0.17023224434682158,2.401535517078953,1.3812741216322344,24.058808849257233
Well_4,355.98885793871864,79.35827899881002,61.83678301528734,0.18614259684086135,2.397445823495708,1.2727129805415185,18.737557584664508
Well_4,356.65738161559887,79.58227393919952,66.87777651321622,0.19803004788442397,2.3911142497673374,1.4479579416093473,28.051619644314552
Well_4,357.3259052924791,73.80809412932192,47.6449237722434,0.17745322832514374,2.41307641957115,1.5848419050412446,38.445180569519415
Well_4,357.9944289693593,77.68923454919205,55.603859916054375,0.20527678445625042,2.4134131907832277,1.6848236661977558,48.39758220876804
Well_4,358.66295264623955,76.61230313080141,60.34182536605611,0.1918146487941276,2.4116574845726078,1.3653496543993011,23.192611565449774
Well_4,359.3314763231198,78.57384364329451,61.115804288621874,0.21884666383259418,2.3746481449950667,1.4068906948855482,25.520589085951862
Well_4,360.0,80.61533485923357,50.97692959976149,0.20529232414261114,2.361898349794204,1.5992707801274035,39.74392733497073
Well_5,120.0,74.58665906220223,105.20897671286663,0.1778184839982476,2.4270415822816984,1.4341272948250001,27.172355933545443
Well_5,120.66852367688023,71.86125563988286,88.04152611808199,0.16154116508096067,2.4531976961155015,1.2539159801660977,17.943864461935636
Well_5,121.33704735376044,76.40855832327699,95.60616349700508,0.16642396567868945,2.4647162207240654,1.4497739860150372,28.169165800634357
Well_5,122.00557103064067,75.2169071831149,92.27348802801909,0.1779677666676533,2.446853120757547,1.2983717187130264,19.877955714406912
Well_5,122.6740947075209,74.25274822849354,106.12696721798419,0.19118558142951006,2.442522692511919,1.445017321699231,27.862322944150442
Well_5,123.34261838440112,75.00516332563579,99.85881141422776,0.16221456939733672,2.4479339098088033,1.3245740823963281,21.11417332816716
Well_5,124.01114206128133,79.6426928008595,89.18326084108948,0.17293463052915634,2.42896943479179,1.4485973407232133,28.092949643730364
Well_5,124.67966573816156,74.86813383515626,102.726809851231,0.15851007655738214,2.4762991702303006,1.446603044270883,27.96424151403613
Well_5,125.34818941504179,73.78315413080524,95.46424743546635,0.17891843161141244,2.465698176729401,1.4027666288837148,25.279392259382448
Well_5,126.016713091922,71.79969667874003,99.45424165902033,0.11267618266787538,2.492041462079555,1.3862242842013552,24.334604049968483
Well_5,126.68523676880223,69.73128949700295,98.25141592720465,0.17257571202516597,2.466437373951922,1.5721943006541388,37.34171849590242
Well_5,127.35376044568245,70.75958847878195,91.64993920446969,0.1480265414182174,2.479925022668189,1.4550371940537201,28.512624462166276
Well_5,128.02228412256267,74.16482502794773,102.20262534935178,0.13225173627521664,2.5136429161023144,1.4994771673374199,31.584729900303397
Well_5,128.6908077994429,68.4975670679713,102.77695514308974,0.13071411523609144,2.4996151654240863,1.6916692116473784,49.16649074395156
Well_5,129.35933147632312,69.40803027072246,93.27773705209715,0.13208643582031587,2.496846288775423,1.4684990600343413,29.41027328325234
Well_5,130.02785515320335,66.68093059969262,85.54286694781378,0.11518205087039404,2.5128941100686317,1.702477227255581,50.40541877326575
Well_5,130.69637883008357,67.44483985117387,93.0842247510187,0.12891935087300072,2.49203055490929,1.631149419798625,42.77100152411325
Well_5,131.3649025069638,72.14306050872972,98.99081231268873,0.13404222190067272,2.508330829347439,1.6971274591164092,49.788318501505145
Well_5,132.033426183844,69.74003510755159,93.82789902730521,0.13811999896907118,2.5160372473989,1.6777843098351024,47.61944285053998
Well_5,132.70194986072423,71.27227590273183,108.49663792959637,0.15597845437818944,2.5007512301530888,1.4449779360508814,27.85979625790167
Well_5,133.37047353760445,61.598636118348374,92.80767214006558,0.11619760459988603,2.5295258891566608,2.0625634353313202,115.49506705260157
Well_5,134.03899721448468,64.84862899753392,104.91446547307342,0.1309080358937393,2.5019851134002735,1.8206397378629386,66.16674002282261
Well_5,134.7075208913649,66.4668933010133,89.87898563628704,0.113488164607421,2.538597926453729,1.826112755557774,67.00585536458266
Well_5,135.37604456824513,70.31317284453276,88.8198957843749,0.12677477805931517,2.4958838023082612,1.5470046054872006,35.23746077884253
Well_5,136.04456824512533,69.04444170901212,97.56897268855452,0.14187968573239765,2.466387706759081,1.5674691381812502,36.93763948136271
Well_5,136.71309192200556,69.09265047362125,98.33727622800026,0.1353216880120187,2.5054035679928788,1.8962849407770077,78.7562340177098
Well_5,137.3816155988858,63.39574183392266,99.36066546272062,0.09011435423983617,2.550817882063455,1.5887027233816213,38.7884766149491
Well_5,138.050139275766,64.12283415148902,96.58381219667143,0.12571718202412616,2.5401396879479643,1.8152012899865877,65.34333405423075
Well_5,138.71866295264624,69.77989506364851,91.6201880293375,0.1395016690506628,2.474989114835337,1.705502296216819,50.757742270272736
Well_5,139.38718662952647,70.61408770449356,82.40344606851478,0.13388174953917353,2.489204740034076,1.6135134644805254,41.068937232611404
Well_5,140.0557103064067,72.66328202688555,96.8319043354044,0.16516973006032873,2.474905885149241,1.530356897993171,33.91227286482744
Well_5,140.72423398328692,72.8927997225399,83.99197336909704,0.15228580660541974,2.4696583034985253,1.4402764051140216,27.559821799301172
Well_5,141.39275766016712,70.30870737994559,96.59847240699794,0.13296254692961174,2.503014418299815,1.6235272607796305,42.02689072399723
Well_5,142.06128133704735,78.12943421100367,97.98814522339192,0.1724179299978745,2.435185109404671,1.3871497464008513,24.38651529808478
Well_5,142.72980501392757,75.07007349618797,98.88390641642471,0.15346650843563808,2.458086632533857,1.2979917736735118,19.86057297467711
Well_5,143.3983286908078,73.88781643510464,95.207908346954,0.15174239135078058,2.476108593604736,1.6981632710850223,49.90720761306182
Well_5,144.06685236768803,71.88118282425725,91.04646007243684,0.16505407828431287,2.431199015471674,1.4843906954188077,30.50638138451168
Well_5,144.73537604456826,76.21865968144883,93.98177825079176,0.1580549162821362,2.4756180550997566,1.6005936065516453,39.86516872629607
Well_5,145.40389972144845,76.13837811015763,94.43449926927235,0.16303128901360267,2.453270869949651,1.3143698164325972,20.62385356604016
Well_5,146.07242339832868,72.89071775762095,97.55077212481632,0.16254420870973751,2.439639280291079,1.5067630916416934,32.11907959561169
Well_5,146.7409470752089,73.33497941708205,108.91169000871295,0.16597687089695354,2.449249137192837,1.4111549249007915,25.77240366240217
Well_5,147.40947075208913,75.05070899194317,98.77245630164995,0.17095526025806307,2.4296698580855636,1.2212019235515146,16.641862275157848
Well_5,148.07799442896936,71.11370621932677,95.64309044339906,0.17053754920129066,2.461359764021051,1.3513318633704179,22.45597227190993
Well_5,148.7465181058496,78.17024219527406,90.27566191957666,0.15846063837993643,2.4335296678612774,1.3637717914479142,23.108501895375234
Well_5,149.41504178272982,76.48968691041195,108.50378873489554,0.15895653523376727,2.453772490723437,1.454111682432789,28.451926783053604
Well_5,150.08356545961004,77.45454782801099,100.35061798399778,0.16708881902419595,2.428968657626455,1.4772128239973614,30.006326048501922
Well_5,150.75208913649024,78.54349634950215,90.90777036721796,0.14747701849055625,2.467266116655509,1.4007077956046428,25.159835403002244
Well_5,151.42061281337047,84.12967226190224,50.8561902632791,0.23182725701356383,2.3530444852399888,1.3495043352097889,22.361675204589087
Well_5,152.0891364902507,75.53756279730618,86.18275826620815,0.1636250701601772,2.4330203109314623,1.3489076104970759,22.330971150689845
Well_5,152.75766016713092,69.61823772599526,88.35602365612144,0.15105159239977115,2.457865696713239,1.472714136893799,29.69710653067931
Well_5,153.42618384401115,78.4856016894489,92.61120497092877,0.1557481491865696,2.4559172171680004,1.6259073023626844,42.25784077296528
Well_5,154.09470752089138,68.71025173506835,101.68854624636437,0.1312392627146941,2.4803853541197585,1.4799196187384456,30.193928252831665
Well_5,154.76323119777157,72.08438591565616,94.1781568487771,0.15512766592392907,2.4803168185465094,1.7329281942041976,54.06649225817956
Well_5,155.4317548746518,71.50566521951608,91.46028366881501,0.13635843788195537,2.4833552578577036,1.603356982100432,40.11963581791519
Well_5,156.10027855153203,78.35040201444102,40.07623318103445,0.20028078152537993,2.3531779021207315,1.5852511441594386,38.48142484056823
Well_5,156.76880222841226,81.26164374396619,57.458830964829644,0.19098371348592558,2.380058158721938,1.4495520177987498,28.154772198711242
Well_5,157.43732590529248,80.95807161780559,61.96801389506038,0.19710644851464418,2.370289983151429,1.5536098003352765,35.7774843430027
Well_5,158.1058495821727,79.78226479891396,58.198418843826744,0.1703003673156605,2.419830462456797,1.453882995016098,28.436948732190036
Well_5,158.77437325905294,76.5927970891565,51.93798157086204,0.17952541231791463,2.4128674519208024,1.458486536363743,28.739984949233634
Well_5,159.44289693593316,75.49107748509138,50.31576594849927,0.17955652939503686,2.4105823113147897,1.6360053400230905,43.25191491961654
Well_5,160.11142061281336,81.17753637166282,64.61644041048383,0.1802915668250985,2.406773136431421,1.531511982362612,34.00258871281296
Well_5,160.7799442896936,74.57155922378797,56.61645657689764,0.20239130559876767,2.4217903853326264,1.466957881536808,29.306090170625605
Well_5,161.44846796657382,76.78779473560472,55.74642238867189,0.17967218627845993,2.4095096055384078,1.4894988917870984,30.86731769092106
Well_5,162.11699164345404,73.83446074469457,47.92212040719468,0.16498237372813865,2.420710794262775,1.4529739945858704,28.377490998490405
Well_5,162.78551532033427,77.23289202004088,58.91132616087097,0.19773893338328022,2.40354141262021,1.521921175188858,33.25991807862758
Well_5,163.45403899721447,77.43961505584173,56.88433883714493,0.1753772772390976,2.4150194381314822,1.4974924882323022,31.440720383957668
Well_5,164.1225626740947,69.77821941455544,67.88902413917113,0.16722157910009727,2.443964406482363,1.37229762150784,23.56663749588169
Well_5,164.79108635097492,78.09341168850777,53.560093347312474,0.19059528661711042,2.411197982653437,1.3500651045666998,22.39056767734688
Well_5,165.45961002785515,78.19776388177483,68.47343593949688,0.1994370570957456,2.3861091677169473,1.452601049165263,28.353132612803424
Well_5,166.12813370473538,77.43808822317276,53.361210349191154,0.1866145958147131,2.4485156571888314,1.7801889498645778,60.28218006035254
Well_5,166.7966573816156,76.52215391729972,57.87972457700903,0.19775234821861937,2.377253001757248,1.4382206367293398,27.429673409937305
Well_5,167.46518105849583,80.91727575599128,63.156076701874746,0.19385750963012593,2.3543810970394707,1.2380297808586076,17.29934981912097
Well_5,168.13370473537606,78.48430776958254,55.88501481600316,0.18392995447401028,2.3790858041988914,1.4326282224328655,27.078725665018254
Well_5,168.80222841225628,76.43385325144368,40.19399268486961,0.20561850612410346,2.3806801933139377,1.512639945827788,32.556667628361616
Well_5,169.47075208913648,76.45728550644671,62.04690894636927,0.19258236278666335,2.4053247281788153,1.4896351582789045,30.877004300385682
Well_5,170.1392757660167,86.74118891257152,50.12411739835207,0.213440456422009,2.3737866198005992,1.6358274015226792,43.23419743808579
Well_5,170.80779944289694,81.3299610430218,57.48266052260481,0.20271447032251075,2.373884449611087,1.4505773985988244,28.221324898667262
Well_5,171.47632311977716,76.93691866622004,49.81915576752104,0.2184475289617343,2.3569765591284217,1.3782805283568944,23.893541649701152
Well_5,172.1448467966574,82.03119300723966,49.221027676445054,0.1965113878262793,2.354963568174975,1.401265743242042,25.192179567039986
Well_5,172.8133704735376,90.21770602322161,47.65593186447169,0.2865297259324127,2.2685463527148264,1.5992123197036627,39.738577760989834
Well_5,173.48189415041782,80.42332633679159,44.741604672605135,0.21855093940633727,2.336797360194364,1.4295986193384373,26.8904840128681
Well_5,174.15041782729804,84.92723019288688,55.97967313097264,0.21703868164022355,2.341271092763177,1.3643358592200885,23.138535041678733
Well_5,174.81894150417827,85.98369277814821,63.607438807947794,0.21541530779653448,2.3665120495894296,1.3570286763042676,22.75247659575018
Well_5,175.4874651810585,82.99823433835833,60.29416163643368,0.2225286068748528,2.3221147249736287,1.3364565966006876,21.699843244537714
Well_5,176.15598885793872,75.6534722622281,45.91853119807382,0.15983300985662846,2.4109232918013497,1.5348597940998898,34.26571466202224
Well_5,176.82451253481895,83.7934780000955,63.580616701548514,0.2258349614003699,2.3196546790435004,1.4118953368504485,25.8163795173513
Well_5,177.49303621169918,78.34488210235777,42.66650317199566,0.23702415663898363,2.365790694388774,1.3898108111063854,24.5363981961
Well_5,178.1615598885794,82.3683950593554,40.94845716450503,0.21529514166401698,2.3413250084131105,1.3998690847376671,25.111293537067926
Well_5,178.8300835654596,82.73751661224743,59.72286767846578,0.22570249516291088,2.3310936745399125,1.323640000100148,21.06880968197519
Well_5,179.49860724233983,83.43920993889536,66.66446915069568,0.20385718585197016,2.3612219104725405,1.2786557558655514,18.995719846021885
Well_5,180.16713091922006,82.16993847322703,51.67205412471706,0.21440856311447723,2.3743013413095797,1.5158867606846549,32.80097556619278
Well_5,180.83565459610028,78.95569372705108,47.58869354348284,0.20528886661731496,2.359068844256207,1.484740751150987,30.530980450492216
Well_5,181.5041782729805,79.81427298148883,54.012915174949356,0.19744399003383914,2.395680168945231,1.5493861441700194,35.431223064002396
Well_5,182.1727019498607,78.19595894538243,67.56902465959834,0.19707988887264388,2.3597624454599333,1.4769441749926286,29.987770259261467
Well_5,182.84122562674094,84.38404706451271,56.98749332227015,0.21089803827916884,2.345038780029953,1.4474414162083962,28.018276459725175
Well_5,183.50974930362116,74.923257173188,45.88123802932945,0.18201343340988996,2.3842306957383776,1.619271393282279,41.61705968074953
Well_5,184.1782729805014,77.7098424884069,49.81519534547604,0.15336770193818494,2.4574307191766867,1.7111028143957512,51.41653601144877
Well_5,184.84679665738162,77.08299602294176,62.34487100389481,0.170295307900252,2.4284819820709624,1.550689450603184,35.5377109457142
Well_5,185.51532033426184,76.71160635708877,55.461294341932664,0.19353750217016985,2.416090993894444,1.42160391743357,26.39999942638624
Well_5,186.18384401114207,74.41981682292814,49.4427640725078,0.19559441916183157,2.402028065541551,1.6015707642255756,39.954965888611746
Well_5,186.8523676880223,83.00772227730619,31.402066715060517,0.23185271470233848,2.336604313121424,1.5647137054265863,36.70402613222129
Well_5,187.52089136490252,84.76764822714154,37.69464751414331,0.22905908025846086,2.3423864940890815,1.5529236662040795,35.72100475882434
Well_5,188.18941504178275,80.59031443547629,29.413701391448196,0.21734934651924404,2.368672989020763,1.691895544583082,49.19212058001494
Well_5,188.85793871866295,82.79320865817776,41.50565001465505,0.19408295569305214,2.363722026404002,1.4620421277802755,28.976246517703792
Well_5,189.52646239554318,86.12283667587934,46.14344234643119,0.2376090563041172,2.3216484325932134,1.5011957859834046,31.709966702000067
Well_5,190.1949860724234,86.1598169828478,50.61180011740037,0.22941157299659473,2.32389180859837,1.3348034604267243,21.617400088534122
Well_5,190.8635097493036,85.56164557211952,26.282772566021936,0.23719053971386142,2.324692849229405,1.6298667153097393,42.64486219155344
Well_5,191.53203342618383,88.41500652582884,42.47443824315902,0.23016768705236207,2.3185600312163355,1.4885476468802574,30.799782304469495
Well_5,192.20055710306406,84.24584265735726,24.483205578752955,0.25211689041159063,2.3214064202251157,1.5648362904213635,36.71438776033175
Well_5,192.86908077994428,94.99009954138307,25.89908576889429,0.27617940616104636,2.2463399032431237,1.4655359184606207,29.21029334859725
Well_5,193.5376044568245,82.48853468177691,22.989390087841798,0.2464371037287019,2.294251652700408,1.3671727227677237,23.290173443530115
Well_5,194.20612813370474,86.08771784185575,31.93082727345919,0.23469475853116398,2.36021523637598,1.3832004635779132,24.165760309553853
Well_5,194.87465181058496,89.12218960374977,32.731238352245434,0.24652885281100884,2.285179689324158,1.302147000088653,20.05150616321526
Well_5,195.5431754874652,86.26703365187747,30.424494073364333,0.2654256544146854,2.270253899996451,1.359605412365486,22.887871807394237
Well_5,196.21169916434542,85.55846317793677,40.931659833380344,0.239822848294269,2.2969262846163696,1.4126911996568847,25.863732487721435
Well_5,196.88022284122565,86.9765236182432,25.154022787332682,0.26237593708015766,2.2613994764536183,1.380200951904071,23.999431370957776
Well_5,197.54874651810584,84.63389107147057,24.599901643602454,0.254198089404879,2.295302170704178,1.315905718419746,20.696919877656438
Well_5,198.21727019498607,96.49517852067571,16.90353969981461,0.3126395598280925,2.215751361352923,1.3899857591997067,24.546284254928278
Well_5,198.8857938718663,90.93065732836602,26.6678714207585,0.2812423642671363,2.213389705426176,1.5042666261048456,31.934978352673195
Well_5,199.55431754874652,94.30499204714559,21.772764960911466,0.31086526990150787,2.1957134138164625,1.3326300833913447,21.509488524365985
Well_5,200.22284122562672,97.11949439011792,27.23644980278619,0.32235867711736754,2.209267435123151,1.3996173741384281,25.09674362301995
Well_5,200.89136490250695,99.24991104081609,23.09821872556049,0.3099080432003996,2.210111240740962,1.3375049970906197,21.752290625535288
Well_5,201.55988857938718,94.60580379426244,16.870892791993224,0.2944763775794446,2.1866502414189917,1.3181756032334762,20.80537764577878
Well_5,202.2284122562674,91.85682707899524,22.519281650149235,0.30257740784103204,2.200500336756642,1.3977204246740607,24.987362923980484
Well_5,202.89693593314763,94.0336495209684,20.850452316713454,0.3125906011050126,2.164720653345051,1.401787397960233,25.2224574443753
Well_5,203.56545961002786,95.29810658563382,24.859183364356074,0.3042814333512696,2.184060081186721,1.458708155133405,28.754654593371466
Well_5,204.23398328690809,98.84770597816821,32.52304162123893,0.3339541718412608,2.170793504272726,1.2075592621084015,16.12721077867607
Well_5,204.9025069637883,90.15015210829111,24.831589792496118,0.28675616084179467,2.195024924745938,1.308130018770408,20.329655476071334
Well_5,205.57103064066854,95.18171098750179,26.530194673826806,0.3289956143173042,2.186569947440727,1.3276300590963879,21.263270255756904
Well_5,206.23955431754877,97.80131843727577,30.23525733290154,0.3273035375869827,2.174829119602621,1.3441102850641256,22.08565506583576
Well_5,206.90807799442896,95.37966108120612,35.06122729324571,0.31210320083026544,2.195916193630111,1.28915330729111,19.460469209503948
Well_5,207.5766016713092,92.82112370718102,22.5315734278687,0.2940801644506516,2.216297939796016,1.2973075243433092,19.829306439044696
Well_5,208.24512534818942,72.57340460639547,95.61741695876164,0.15732581602463278,2.461045595200315,1.5323559483084233,34.06873030504106
Well_5,208.91364902506965,97.72065447413391,32.73771246594149,0.31266702581052397,2.1935282806443146,1.1623372068908848,14.53239543941532
Well_5,209.58217270194984,92.83378259838864,30.100666323708595,0.2904518482617087,2.227267509212895,1.162880504581445,14.550586684780436
Well_5,210.25069637883007,94.94712597889009,12.153688858038702,0.2965017304270138,2.207523198665397,1.3542668739772796,22.6082462027671
Well_5,210.9192200557103,92.82117847836507,28.315016590071693,0.272634068467582,2.2390479568071897,1.2062833036152862,16.079898520748294
Well_5,211.58774373259052,93.47055426533218,27.41903900180594,0.26804398673412755,2.239004452940624,1.4701979345243756,29.52554579542687
Well_5,212.25626740947075,92.96839591105339,28.031758075269458,0.30223349323954396,2.2171747421497807,1.352086479375383,22.49502495946308
Well_5,212.92479108635098,86.92925923690474,27.405031963625866,0.2790012281666983,2.259779393917654,1.6101944077521302,40.75626784932813
Well_5,213.5933147632312,89.38563259774102,21.714548136191656,0.2665035128145993,2.249685733976334,1.5799143694191795,38.01144411211491
Well_5,214.26183844011143,91.79578079310443,27.83800138292304,0.2602280993166016,2.2712583707941025,1.4487826870092075,28.104941587787224
Well_5,214.93036211699166,88.61037874579142,39.224778433462205,0.2810834441715179,2.252513126302667,1.461207669865168,28.920624710834996
Well_5,215.5988857938719,87.8638299598604,20.409446730800635,0.2961351014621295,2.260471369381424,1.4258297480976578,26.65813408835234
Well_5,216.26740947075209,90.18120647961105,23.14191807631195,0.2742487147918831,2.27323069922993,1.4423076095710334,27.689021566971025
Well_5,216.9359331476323,91.38225988226925,26.584598576528006,0.2857670910792556,2.2643731308515673,1.442099763425537,27.67577323035303
Well_5,217.60445682451254,90.75347856185347,22.816836603843434,0.26168262107357865,2.2566477655963304,1.4672676808604084,29.32700281461957
Well_5,218.27298050139277,88.04321382444954,21.384151310359428,0.2766947130832329,2.2443956678112125,1.4371100941407733,27.359622079079625
Well_5,218.94150417827296,88.14234011484331,13.32579928255598,0.28455101095712054,2.228702314064045,1.3938436460979506,24.765303012263036
Well_5,219.6100278551532,88.6277286694528,24.99312230670642,0.2616066645002198,2.2799070317961494,1.4445103713853167,27.829818334404802
Well_5,220.27855153203342,92.10409184503932,17.13901916619232,0.28074412695675266,2.23838333478019,1.4831210581965815,30.417327807918294
Well_5,220.94707520891365,92.02926017052181,23.6141808148453,0.3018462570108059,2.205929726040645,1.53941205524599,34.626775819036276
Well_5,221.61559888579387,97.67505207678417,29.37172097419272,0.29054412389582385,2.215034880696054,1.4047680833985994,25.396161687684533
Well_5,222.2841225626741,92.63929361290312,21.32633427139517,0.288283721565079,2.2148560912711495,1.3293447287180071,21.34738726407915
Well_5,222.95264623955433,97.76579780442644,21.819069570047308,0.30924505241925604,2.1760931249269606,1.4186663871090002,26.222034660569143
Well_5,223.62116991643455,97.7027759620503,34.5710071058069,0.3070823002052294,2.1919414056775914,1.307680288386178,20.30861415072408
Well_5,224.28969359331478,101.27881282706262,30.492074871532765,0.31144680267163244,2.187146903357658,1.1930772134528094,15.598298011668195
Well_5,224.958217270195,99.40872558837087,19.898140689976536,0.3022417577672371,2.190645671070965,1.323299736924326,21.0523090522254
Well_5,225.6267409470752,91.2141791808801,20.694988837949083,0.28124920106432466,2.20638427892077,1.4623704470771748,28.99816035311801
Well_5,226.29526462395543,95.83484409498081,30.19763502992407,0.29543942813699636,2.2376254387290317,1.405431846117806,25.435006099701184
Well_5,226.96378830083566,97.97162839662317,51.49399400713595,0.3302893234488843,2.18221052807228,1.326091153492453,21.188058019195118
Well_5,227.63231197771586,94.42881111498308,35.600625632389395,0.30999297310050483,2.198702512426523,1.3968265739114565,24.935987634775028
Well_5,228.30083565459609,96.35109594275853,20.338769440788585,0.32173657422085084,2.1778976844363958,1.1428243920015304,13.893907142012385
Well_5,228.9693593314763,97.03569028772198,32.690557776019816,0.31479761372777276,2.178976212044585,1.3106512713275638,20.4480204741309
Well_5,229.63788300835654,103.13403415279723,22.696757198178233,0.3366727537451119,2.1501887838678115,1.3885465142150153,24.46507290138662
Well_5,230.30640668523677,95.04355196521182,29.072350500461223,0.3060758199339698,2.1947075881462137,1.4382161099137487,27.429387501570297
Well_5,230.974930362117,99.35348550916662,31.191923597899876,0.3077355113913644,2.180886014480354,1.3718888732691512,23.544467539105057
Well_5,231.64345403899722,93.13132201939707,10.146342621002297,0.29117702164839177,2.220378877416576,1.446374888811173,27.949554431818484
Well_5,232.31197771587745,96.22308009440657,20.661453166177555,0.30438233334507164,2.195938020615548,1.5601696748457052,36.32199337286215
Well_5,232.98050139275767,96.78171646903567,26.767582122750383,0.30297483366381994,2.212594899440811,1.4114647708677046,25.79079745957992
Well_5,233.6490250696379,94.00319773576228,16.428258254380193,0.29108865728810235,2.231864988931767,1.33431712123626,21.59320566550845
Well_5,234.31754874651813,94.79340072374814,25.252515520371073,0.27637615432580165,2.2368134765636793,1.3278626234417503,21.274659769122984
Well_5,234.98607242339833,91.42571003011375,33.44571470112038,0.2859655287793341,2.2355581316448245,1.4951814534362258,31.27385753418527
Well_5,235.65459610027855,89.15214488332299,22.76672931953206,0.27470182416947364,2.2309183495170077,1.4197667415994129,26.28855661329984
Well_5,236.32311977715878,91.23146056773363,21.836738978581767,0.27026152126186875,2.2675927421517255,1.3756247218307491,23.74787322480207
Well_5,236.99164345403898,91.13091047450267,23.296515559643492,0.2726984950931387,2.2668236412917455,1.631873861921728,42.842406927114496
Well_5,237.6601671309192,93.43400599015459,28.083015720355945,0.282630928627008,2.2428360056047354,1.4889634388432937,30.829284024592013
Well_5,238.32869080779943,88.08207388437616,16.159886450643935,0.26474643138649534,2.271743102319482,1.4666426992386308,29.284829458528154
Well_5,238.99721448467966,86.98403656198258,22.737835398030743,0.27383034673034834,2.2640549123505997,1.4803715436213027,30.225364271904468
Well_5,239.6657381615599,88.30596199516877,27.406287617272167,0.25457960671794333,2.26702247118465,1.5669099354838019,36.89010874821636
Well_5,240.3342618384401,90.99633401277254,26.494121629060313,0.27488805817274437,2.2994941254394345,1.5667092557535525,36.873066425035276
Well_5,241.00278551532034,93.39260485733432,21.44031894373503,0.3050581058407461,2.229313457751477,1.3936415851494748,24.75378332482816
Well_5,241.67130919220057,90.07246889031916,22.132232682912356,0.28576085051994876,2.2220916268683832,1.4566907406000122,28.621391260020644
Well_5,242.3398328690808,93.50415585176012,33.1026403997008,0.29960929290957083,2.23101252566724,1.2806493324102255,19.083117853074878
Well_5,243.00835654596102,76.37209042988073,55.722637475313725,0.16814158817925606,2.4409104191159554,1.6120644272902178,40.93213777734102
Well_5,243.67688022284125,75.45583452888665,41.43203585862852,0.19541195655673654,2.4243760341640845,1.703810963617585,50.56045384209995
Well_5,244.34540389972145,73.89103860114929,63.88205833995181,0.21026416092224168,2.385005250060678,1.4627686246128822,29.024759150071063
Well_5,245.01392757660167,84.13207974110604,33.74582748806018,0.24194211819950426,2.3435796014520065,1.4771203325738378,29.999936300490745
Well_5,245.6824512534819,76.62850666353732,45.402453091210184,0.1917634681481031,2.3812816436329687,1.5038973291515385,31.907834380328815
Well_5,246.3509749303621,77.22112201194724,56.22586444765148,0.18742380874660283,2.399048360073172,1.5478262841321007,35.30419263396646
Well_5,247.01949860724233,74.45036148723382,60.13896900804031,0.16833391323227223,2.441850938441842,1.8047356891582302,63.78751583588588
Well_5,247.68802228412255,81.11136503033123,53.48436221946324,0.19653221539363283,2.3819202086855813,1.50342974608313,31.873499303470926
Well_5,248.35654596100278,80.50409059318375,54.7745681555227,0.20115096590241052,2.3758629726686964,1.5697146531004358,37.12911974332534
Well_5,249.025069637883,85.55261029691972,54.95997039550261,0.24058068648130035,2.339683078518821,1.3142557806049944,20.61843892329749
Well_5,249.69359331476323,79.4565855250015,42.758248366283375,0.20495882385920242,2.368061482457827,1.6459172096526236,44.25040089772477
Well_5,250.36211699164346,84.20716978160338,53.84448453158743,0.21509892713405251,2.3663862017227113,1.2986777412626351,19.891967512054666
Well_5,251.0306406685237,78.73608510091955,55.77513419340525,0.20732772239355574,2.360855345007329,1.444654560121823,27.839059558305653
Well_5,251.69916434540391,79.12055725958747,50.683603621393054,0.21065525302143967,2.3675451888500123,1.4221038697271304,26.43040814860188
Well_5,252.3676880222841,78.77644486568377,52.4190324090635,0.2181782409665862,2.3295949009975323,1.3056452985086306,20.213675920253472
Well_5,253.03621169916434,82.39724113541689,55.00730538052071,0.20714996793526097,2.3507104152826055,1.5823157129263008,38.2222028419233
Well_5,253.70473537604457,83.70629211837772,46.37350822924593,0.22544501060028374,2.3370923583187713,1.332521282138459,21.50410055312381
Well_5,254.3732590529248,82.76207253007051,47.58738355318498,0.23274659639949793,2.328649181722174,1.2174148921706425,16.497376738162398
Well_5,255.04178272980502,85.14607315225533,45.64208523915195,0.20197057232438437,2.3607773953899396,1.4142874813233204,25.95897148172982
Well_5,255.71030640668525,86.1211765232134,36.10563176202723,0.2032688901244348,2.3577387379253603,1.5242492894209796,33.438692642308936
Well_5,256.3788300835655,83.29563531406501,49.274772040942864,0.2362701890895219,2.3317060888657526,1.2625999492199929,18.306273613157185
Well_5,257.0473537604457,80.99683028254519,57.46117823596515,0.20896141330294327,2.3688444098859645,1.2081742633670822,16.150064582355085
Well_5,257.7158774373259,80.00249304824996,50.490175691225176,0.2120502751978531,2.3748080424527136,1.549639355354284,35.451886918210086
Well_5,258.3844011142061,82.53685527125036,60.421135696531806,0.22937286933664378,2.33194506876113,1.4801042478956354,30.20676715567718
Well_5,259.05292479108635,79.2378688031749,57.96994247880401,0.18536851383510766,2.381215900705936,1.520398308434972,33.14349540767406
Well_5,259.7214484679666,81.43801334075985,57.24189932975064,0.20105954333197917,2.3763326338410042,1.536589816679471,34.40248519919806
Well_5,260.3899721448468,77.64560655929357,52.14487314135386,0.19833117805704345,2.3947726934158533,1.5592920243575954,36.24866564790802
Well_5,261.05849582172704,78.76386794824433,60.3970045998625,0.20479274076391082,2.3714760180727392,1.2840850082914186,19.23468189467547
Well_5,261.7270194986072,80.20967142189356,56.23307584080792,0.20162315680090212,2.3460586281595663,1.2740455830281614,18.795140779952867
Well_5,262.39554317548743,78.36055019010868,52.591144481140404,0.17788899948759743,2.3844866399741895,1.4997774230204794,31.60657400396124
Well_5,263.06406685236766,81.31666986318461,57.36931670220383,0.18282682016605709,2.3834241741339133,1.5491553137763283,35.4123961380255
Well_5,263.7325905292479,80.54136228226976,48.39461689759851,0.19895141067094507,2.358518441399962,1.5961077800015895,39.455520772762696
Well_5,264.4011142061281,72.67737833323439,52.37373314024186,0.18873615043126912,2.4288717322780946,1.5183620733142709,32.98846238976438
Well_5,265.06963788300834,79.91763991294818,55.64762736434255,0.20197134903282182,2.3914944001120295,1.450838371264389,28.23828852125694
Well_5,265.73816155988857,75.19629577160997,49.94433656031698,0.16725064303284434,2.4387576380058213,1.6188165080897159,41.573492299198456
Well_5,266.4066852367688,78.77446538208699,46.313687060687585,0.19223356147890328,2.396056551046918,1.5881168868635598,38.736188622639354
Well_5,267.075208913649,76.54659794226968,59.0698279359623,0.18517768345086655,2.378037190240518,1.6010313454046758,39.905370320798085
Well_5,267.74373259052925,71.17879962011307,55.79198502543225,0.17178124487432364,2.457445175325619,1.7209262334788082,52.59279280033656
Well_5,268.4122562674095,73.04885534899576,42.22701244339585,0.1776495304188457,2.4439267707908203,1.8889771555820583,77.44210612414513
Well_5,269.0807799442897,78.09314658268892,53.09243653605502,0.2047290114376006,2.366112154257505,1.5565737546333418,36.02249208728239
Well_5,269.74930362116993,79.3262360907384,57.32736534721789,0.19167782384783222,2.406483809848296,1.680297263453537,47.89578145123032
Well_5,270.41782729805016,76.26888177359731,64.89705071168929,0.1952670584748126,2.425955982512136,1.468558253113736,29.414282091464692
Well_5,271.0863509749304,78.32854043772377,58.094397380272056,0.19395706655440287,2.380920254505218,1.5569603151161093,36.05456956359134
Well_5,271.7548746518106,69.87414202630342,97.20241862082868,0.13217851097100614,2.500889021803982,1.6946233134108346,49.50206469426236
Well_5,272.42339832869084,78.02116887554445,46.888880787764386,0.15438533504833316,2.427660297511731,1.832715254336052,68.03231577925474
Well_5,273.09192200557106,73.17552335938558,64.81233767734786,0.18277443412976116,2.391796644341101,1.5705501464486114,37.20061729199241
Well_5,273.7604456824513,78.2159365297182,47.90109870714199,0.19378250254176643,2.3927842724591106,1.6306583248210513,42.72266392486664
Well_5,274.4289693593315,67.08254269792285,94.86952542628528,0.12614715004210236,2.4774199099221597,1.5387319215641433,34.572590453913385
Well_5,275.0974930362117,73.04555121075884,95.23642968707497,0.1470930470695425,2.4420004791016705,1.4692956880950736,29.46427017036665
Well_5,275.7660167130919,67.79220668467987,91.65281692552446,0.11097923048644538,2.475694089037521,1.684603950913123,48.373103428618386
Well_5,276.43454038997214,70.89322552489291,94.35919688985732,0.15916033236326704,2.449125080266528,1.5946554352985591,39.32379607710698
Well_5,277.10306406685237,69.4730225279253,100.08677558773077,0.1540710945818979,2.4706108061793928,1.4595029666833135,28.80732728110553
Well_5,277.7715877437326,74.46506875412075,98.70125342472666,0.1500689660660636,2.473922660161348,1.5161579253048392,32.82146222165549
Well_5,278.4401114206128,72.36966787600053,99.68546331729533,0.14522185355264908,2.4634084298996823,1.4664279160400315,29.270350033836333
Well_5,279.10863509749305,102.5916275596664,37.76309769345075,0.31982929090867085,2.1844848002177475,1.2448941612794595,17.574952554957495
Well_5,279.7771587743732,75.04722546993632,94.7112165458193,0.18192995163015743,2.4183685106490205,1.2965715394503514,19.795730808875483
Well_5,280.44568245125345,73.57742126137315,93.29561579600838,0.16131078320660008,2.460555776587129,1.4608676344244482,28.897989865235928
Well_5,281.1142061281337,75.10570482306855,92.04750379679274,0.16566885939451054,2.449767667893084,1.469158200335957,29.454943928628285
Well_5,281.7827298050139,73.92494961186773,90.96473797689778,0.16329163047899772,2.45181371983772,1.5421943176469595,34.849320749015305
Well_5,282.4512534818941,74.98694059448326,81.68127277381052,0.15937739256055053,2.43056621852545,1.620992341432443,41.782299848052986
Well_5,283.11977715877435,71.72750761658548,94.12615834300261,0.1465949305036424,2.4631780004831936,1.410109058703004,25.71041333753188
Well_5,283.7883008356546,91.28169883683282,35.078809685446366,0.2727083664216988,2.2518909996933627,1.2217666550141126,16.663516467627776
Well_5,284.4568245125348,87.42398256405666,23.6978215154185,0.2447749673591852,2.2966914255390916,1.4697878174117018,29.497677110733896
Well_5,285.12534818941504,92.17907130914416,35.62566534643037,0.2627007450222178,2.247598739704185,1.3592169393376785,22.867407938272613
Well_5,285.79387186629526,89.74449562604268,27.07353496661896,0.26222426533870463,2.2929917702694333,1.5234362497641964,33.37615086037596
Well_5,286.4623955431755,84.80244025337768,30.614821082343315,0.25255199289017854,2.317561161280768,1.4600124434271764,28.841141377250302
Well_5,287.1309192200557,82.08967487295283,31.302181654621126,0.2537750765147958,2.287523656174808,1.3373796312072033,21.746012393397365
Well_5,287.79944289693594,83.1835094383642,45.21157864148017,0.22772340156561036,2.3236168441036065,1.4842180526491449,30.494256755464068
Well_5,288.46796657381617,88.48846544005688,28.59046187122603,0.25775094387407005,2.272737329980355,1.3719834057910174,23.549593001752843
Well_5,289.1364902506964,85.88779445595888,28.9006049943164,0.24997368993255376,2.303085627556718,1.5021470218000414,31.779497205402663
Well_5,289.8050139275766,84.52050708877003,38.45060919286398,0.2133450556654891,2.3478076611285665,1.5564141512373737,36.00925623925749
Well_5,290.47353760445685,87.54452236732735,29.955804569552654,0.25190372784709586,2.2941286585206586,1.6074911735519977,40.50337132903901
Well_5,291.1420612813371,86.779456194183,36.722378056255366,0.22806238347664193,2.3185140271518327,1.4098349714551384,25.694192377989868
Well_5,291.8105849582173,86.56879695405931,35.02012361023544,0.22502021953022447,2.338542032714749,1.5949137669470825,39.34719403265746
Well_5,292.47910863509753,84.26746764563724,14.55201886324307,0.2368035557858113,2.3067945842657225,1.5349638970270871,34.27392933873666
Well_5,293.14763231197776,87.89692921797767,22.96318961526205,0.2426256196772655,2.3330713361595476,1.6165257615500221,41.354784451770065
Well_5,293.81615598885793,84.54866440419426,23.350435574970724,0.2510135369360845,2.3149894778892257,1.7133375596588802,51.68179150083391
Well_5,294.48467966573816,84.21120888164494,27.08601596001246,0.2194457911108558,2.356995376293094,1.7487806291497696,56.07646510135993
Well_5,295.1532033426184,69.14714384090354,103.31963231595185,0.128126301315722,2.509247180658846,1.6869770911915187,48.638154864055586
Well_5,295.8217270194986,85.4192844696699,41.40713348132897,0.2244456274032253,2.3246271178541575,1.4886549664515096,30.80739425444379
Well_5,296.49025069637884,80.43279967830243,30.373055809160803,0.21723234297439264,2.3355542175421222,1.6053629825795421,40.30537652286862
Well_5,297.15877437325906,73.7179714893819,48.25634981150409,0.17158222107884802,2.402333184226504,1.608577316385991,40.604794454127415
Well_5,297.8272980501393,86.39919329785582,30.468628792084733,0.23628988320127894,2.3213783237462273,1.418239478541663,26.19627124081004
Well_5,298.49582172701946,85.37892000600607,36.29251866452384,0.2628090093242043,2.2799105123222287,1.4135976658555756,25.91777204900461
Well_5,299.1643454038997,82.56837306891353,27.27755052843712,0.22877802477320344,2.334578834829085,1.463497750528779,29.073529004833418
Well_5,299.8328690807799,82.12992385751807,26.85852920672817,0.2104811316591083,2.3390790343818764,1.5900386807049907,38.907979708239665
Well_5,300.50139275766014,84.2341778784054,32.499543999857515,0.248063977542524,2.309143812779328,1.3511984114550477,22.44907296222625
Well_5,301.16991643454037,85.11661236558062,25.210019759849946,0.21568639667193398,2.315835350594419,1.7067538609549306,50.904228646741515
Well_5,301.8384401114206,86.57387985840248,36.51232753412823,0.2640776373844332,2.27310206105955,1.4981948715533715,31.491610519326056
Well_5,302.5069637883008,88.07784182363136,29.072221591877387,0.2596011004026046,2.2870038541668287,1.4676137605713242,29.350382171490153
Well_5,303.17548746518105,90.55690492511116,44.14058526089716,0.2559020411048387,2.2737111866316386,1.3680247431697607,23.335910107667384
Well_5,303.8440111420613,86.62552339053528,31.91914339707078,0.2594552422498048,2.2950959722159454,1.1877450567544228,15.407956964042032
Well_5,304.5125348189415,82.2774444721552,38.44218904025239,0.2356460036669679,2.3161090785803915,1.4778187826575488,30.04822223787392
Well_5,305.18105849582173,86.76434871624217,39.26141620664622,0.24783765100549707,2.291450075112997,1.3294669716248226,21.35339685913224
Well_5,305.84958217270196,87.77873729902944,45.73237206497789,0.26681512831397103,2.2567709794685924,1.225659981964924,16.813571766974956
Well_5,306.5181058495822,90.09720351837737,37.19047662328041,0.26562086887152914,2.221019914888611,1.3517635939745034,22.47830677378287
Well_5,307.1866295264624,91.62400713463335,39.42405095007487,0.28462091859827465,2.230471136174844,1.2321904807313768,17.06830837606776
Well_5,307.85515320334264,89.56264586659735,32.7873065344601,0.26063986198672456,2.2729958208895606,1.358214377747622,22.814679791725595
Well_5,308.52367688022287,92.13060934634474,37.408411367817834,0.2672937447273892,2.260512904975511,1.4424684201124904,27.699276155063256
Well_5,309.1922005571031,91.72287830151633,32.48137831418188,0.2731589538326735,2.2368159413727957,1.26735729690118,18.50790650331949
Well_5,309.8607242339833,88.65726992564541,19.758353975103997,0.2721060216854265,2.2889805996329016,1.5399774063949663,34.67188123884945
Well_5,310.52924791086355,86.71961914105215,22.515883342186648,0.26124693833665263,2.307368661291016,1.5676060922434005,36.949289543023056
Well_5,311.1977715877438,98.95733489233348,23.320550066753338,0.33082905011851865,2.1756231389334286,1.2743398244140862,18.807879100058532
Well_5,311.866295264624,98.78577414114474,23.53511833726644,0.3130140875302136,2.159760840620527,1.2930588889917443,19.636265204822006
Well_5,312.53481894150417,97.28158164103087,26.86415360927971,0.3014287968756431,2.1962955269236475,1.4771520249676908,30.00212560873252
Well_5,313.2033426183844,88.08658644084397,27.837106805983115,0.25183857428676587,2.2720104803277805,1.466091243106075,29.247667922240538
Well_5,313.8718662952646,94.16164510542337,27.255386641147087,0.2928297667632197,2.217263829839524,1.3181837043344997,20.805765741978853
Well_5,314.54038997214485,94.40236678295899,20.27477818062337,0.2736560116438176,2.2535081256697387,1.5793706580207938,37.96388577418852
Well_5,315.2089136490251,94.05822431218871,29.11341538307988,0.31057732583918923,2.2265539011174345,1.1116036448485895,12.930152434768932
Well_5,315.8774373259053,95.00772236194014,19.320905714817382,0.29383898783417484,2.2063412215534455,1.3824451117828385,24.123766256095195
Well_5,316.54596100278553,94.90134794913628,27.371924142715596,0.26867903015977224,2.2465123959364925,1.4052880687773486,25.426586991441702
Well_5,317.2144846796657,89.39233912027447,28.088042733038343,0.282562216666219,2.2311205965506096,1.4477419471740378,28.037671764385344
Well_5,317.88300835654593,91.52400195941071,20.188918896174574,0.28609469278521005,2.247509299620701,1.3799198593649629,23.98390301705372
Well_5,318.55153203342616,88.17808154212683,17.621522310806757,0.27393582690273344,2.2580709401684342,1.450843007307297,28.238589963300154
Well_5,319.2200557103064,94.51135568319711,23.63667141359982,0.2919555905689175,2.236377651831688,1.300506115456899,19.975888970128395
Well_5,319.8885793871866,95.22918326414727,26.774084307080464,0.2654945001862937,2.2522788153160955,1.4226554993312877,26.464000698251134
Well_5,320.55710306406684,90.21897035071852,42.72194567059105,0.2772778362864338,2.24828142534324,1.3912796107351866,24.61952166535261
Well_5,321.22562674094706,88.47073779104205,27.70019342696413,0.2533401426800347,2.3029535462137747,1.4322017494258747,27.052147668487773
Well_5,321.8941504178273,89.31511660269372,28.23588594245283,0.27376165658688467,2.242817590357801,1.5002742446291648,31.642751793080375
Well_5,322.5626740947075,92.22190402657844,31.274397357917213,0.2834289966773546,2.2147369301498996,1.3149659466020092,20.652182139530858
Well_5,323.23119777158774,85.60661761179564,23.079346520811264,0.24403410865871827,2.295468691897892,1.674448152204654,47.25504185900986
Well_5,323.899721448468,89.59740278001765,26.76586830142467,0.2537256648639943,2.250927621171099,1.4896359934659995,30.877063679681058
Well_5,324.5682451253482,91.44464872676078,25.60411475071152,0.24954656619602253,2.277774653020726,1.5123352577493898,32.533834849987684
Well_5,325.2367688022284,91.18754881981206,19.989366132432806,0.2713222515490723,2.241572666388191,1.3709490549836443,23.493572127830205
Well_5,325.90529247910865,91.83317047368429,21.347658894665727,0.2857084825535497,2.2450876954002097,1.4734455239401756,29.74716099693114
Well_5,326.5738161559889,77.45113300196671,41.6151185726185,0.17790792355402857,2.385078774401415,1.5067988168701705,32.12172183193161
Well_5,327.2423398328691,89.89408467871779,25.916336089090283,0.27450869160380564,2.2480919893410545,1.4589486263235842,28.770580609009997
Well_5,327.91086350974933,91.27492008328437,26.890620972996896,0.28631766182649887,2.2521574444573984,1.3546762620383392,22.629567933086022
Well_5,328.57938718662956,94.15658352958937,35.67120848486099,0.3072370253566587,2.1914006955062013,1.2737305004371842,18.781509766448856
Well_5,329.2479108635098,96.74007773856994,23.083030245133735,0.28727287473221225,2.235825636944824,1.4025626188468379,25.26752004170224
Well_5,329.91643454039,93.20532326519539,21.631971770645904,0.2975827473683952,2.22934274231752,1.4087809909425149,25.631911266057088
Well_5,330.5849582172702,94.99459836610215,13.563372579974413,0.3098753378392939,2.209247802078413,1.6175126340551582,41.448864174627126
Well_5,331.2534818941504,96.40262891264115,21.54396064609081,0.30876648225135295,2.218508302893384,1.4357369374931856,27.273252765287165
Well_5,331.92200557103064,96.43165623688493,29.25752007180915,0.3078971528794807,2.223569500804094,1.2978672639084923,19.854879877165615
Well_5,332.59052924791087,98.41068701758853,31.873574006288408,0.3380102316384908,2.1585966792494657,1.1615036842206998,14.50453078782288
Well_5,333.2590529247911,97.77732792448563,32.185285133355855,0.3155229753642568,2.2042188344875218,1.2646465667959395,18.39274572150809
Well_5,333.9275766016713,98.97919466411567,30.993059946372146,0.3269493294190577,2.1930279398321324,1.1976057452168565,15.761797558725709
Well_5,334.59610027855155,98.56404194156713,37.48924487760462,0.3187405885497855,2.2095635714862016,1.3253806365617788,21.153422152202882
Well_5,335.2646239554317,97.45624313533433,31.61320392518464,0.31796808080972705,2.193050913446895,1.399958204043764,25.11644702341921
Well_5,335.93314763231194,76.47867725733092,93.24362980634098,0.17498897660245574,2.4313061391927833,1.5624888869602531,36.51647830360225
Well_5,336.60167130919217,92.82434535568984,21.456864947048334,0.2997921261849164,2.199869643532516,1.4183522543380038,26.203074663574018
Well_5,337.2701949860724,97.57473908427262,38.669659069361906,0.2930181128190841,2.1895612170235323,1.0783462387442573,11.976950061443947
Well_5,337.9387186629526,96.34842962313313,30.882772751196207,0.32036408656359006,2.1847350330917377,1.4474169428811154,28.016697620577297
Well_5,338.60724233983285,90.97244337842885,15.625627563421844,0.2827561502779304,2.1770006716669617,1.3618821201713165,23.00817225654723
Well_5,339.2757660167131,93.77603170472553,19.282581819708632,0.30552436652773135,2.216707387253253,1.4967548691068093,31.387365818344207
Well_5,339.9442896935933,83.65216321188656,62.70730296656747,0.19404037503012928,2.3858629650361483,1.4134066306294375,25.90637397959677
Well_5,340.61281337047353,76.315554008318,39.63555137311651,0.16595490508622773,2.4296697226490247,1.5952923076214123,39.38150486796161
Well_5,341.28133704735376,79.48983570597441,57.58642131755376,0.19549481382753864,2.4200075463260973,1.5521518585813672,35.65757945273683
Well_5,341.949860724234,76.38392995039652,53.473317313642,0.1989316346027205,2.3941008381431024,1.575334842784785,37.61272881687389
Well_5,342.6183844011142,76.23501333424335,46.22077750408887,0.18219952858478047,2.3994401135358476,1.770449584622071,58.94535459675005
Well_5,343.28690807799444,76.05027904199989,50.20365265388911,0.1849381713869456,2.416220791518468,1.430659736413427,26.95626619527489
Well_5,343.95543175487467,74.504031132777,49.67495427122932,0.18610618438057355,2.415113118954584,1.6401708794854468,43.668761954212755
Well_5,344.6239554317549,73.00370840507418,53.53897967521275,0.16428659082670907,2.424961146797861,1.3812772692568367,24.05898322028016
Well_5,345.2924791086351,78.59666447239411,54.37250999086014,0.18992838690098707,2.3878844782321287,1.5518199022344756,35.63033471972716
Well_5,345.96100278551535,78.36872022387708,55.0993083233872,0.17613374924617264,2.4314241288472975,1.274435377502601,18.812017648277763
Well_5,346.6295264623956,72.65918769568712,38.997620794729954,0.16870525202730413,2.3981373152279812,1.5386591349417127,34.566796663451946
Well_5,347.2980501392758,82.21012536930566,56.321451120019525,0.1877799452977897,2.4238628012107895,1.625588046169369,42.22678783442687
Well_5,347.96657381615603,80.0604836755104,59.03735828825735,0.1930284298462254,2.378711893414529,1.485334536339139,30.5727522058932
Well_5,348.63509749303626,78.11492691140829,50.67637641315553,0.17737981812586096,2.4049511662555654,1.508868257755862,32.27514913885408
Well_5,349.3036211699164,73.8723729105995,59.23775170060273,0.17821569231055945,2.4173904797619126,1.6047147368722543,40.245259946683866
Well_5,349.97214484679665,77.44340579509141,77.04963651281949,0.20153214747018106,2.4096036911355587,1.4343662904592087,27.18731320771686
Well_5,350.6406685236769,74.91283590433989,60.53803664742087,0.1901593073043392,2.418880371685645,1.5911309727881415,39.005960155106706
Well_5,351.3091922005571,75.9696715880234,46.00385212208664,0.17883115721538148,2.4057659218180207,1.5793238530245806,37.95979453228484
Well_5,351.97771587743733,79.08955387514688,77.00837212178311,0.20827518763748185,2.387517855958875,1.4695443365466878,29.481144303298336
Well_5,352.64623955431756,78.62706912966632,53.77237922590884,0.181043338833293,2.4043450651427185,1.5594397369865125,36.260996673498305
Well_5,353.3147632311978,78.62621451428797,55.27546740165203,0.1991102370714517,2.366037865126883,1.5964179854235936,39.48371290768013
Well_5,353.98328690807796,81.56150324551035,51.54823617719714,0.17603579617430778,2.39469401912853,1.4718356604805065,29.63709692586316
Well_5,354.6518105849582,82.7646990604381,50.72461930009281,0.18794459038719236,2.3867320601671875,1.4885041600972309,30.79669841450358
Well_5,355.3203342618384,81.35409388696334,42.35590372293473,0.20790047063740327,2.353351476892268,1.3643482786733474,23.13919674030801
Well_5,355.98885793871864,80.33366390853203,45.22623437833292,0.21018224699990326,2.376792463807808,1.4133582129955715,25.90348594977986
Well_5,356.65738161559887,77.31106987123133,48.12963581697181,0.19699551009870375,2.3633394809816766,1.4917490790987196,31.02766394970493
Well_5,357.3259052924791,82.28059324077051,60.66317976963049,0.19641762152090045,2.3751941519090938,1.5828037559044037,38.26517958643045
Well_5,357.9944289693593,82.91723860709301,66.41253207134193,0.22271698902897513,2.3844034716086413,1.285248283258428,19.286271813762937
Well_5,358.66295264623955,84.7262534145426,55.73898252139845,0.228748091220337,2.348478874436163,1.3372907627301072,21.741563022351507
Well_5,359.3314763231198,91.90241646320729,36.44288627514985,0.2819883432459789,2.2308337950356036,1.258262545161943,18.124354377645894
Well_5,360.0,81.12685101620971,72.11698436296011,0.22472050329460608,2.345179384228865,1.4604403821833398,28.86957444625952
